Tick,112194,281015,4319519,4477254,4154872,4419276,4393057,312453,4344371,4396717,332714,152987,2254348,4409398,4476653,644221,8028,2000710,269901,144230,4436552,4389705,141145,4307347,4449458,1105121,4234219,137056,6047,189083,1749079,1129599,4347159,4327233,4303249,1105919,584176,4313650,4352233,4410166,4423410,316724,210201,4474759,1109067,241289,1126297,4254313,4421830,4297171,292537,516809,589376,820575,4381553,151176,103166,21214,1082607,4432796,4339351,1010458,4375268,4322414,71872,1096610,4460853,4379869,85367,4335293,133961,308848,13226,817926,3039313,1015518,210269,4431803,99774,587391,164500,New.ReferenceOTU219,4455257,4381430,816411,3908639,4340358,576010,878765,2534143,4436468,141105,111659,4338661,350563,4383918,1000986,178885,4452050,815498,509480,704267,196652,566357,4389957,7316,622571,533999,4453466,2750874,691423,924547,825808,4425214,513757,4313865,4376649,4417811,2783438,823916,191660,4338074,617340,4343627,4377842,347053,3327894,4323733,4449608,698236,222699,4434741,316924,1830364,5364,191698,4438545,1090165,715885,4344056,4400735,239139,320478,1001908,4369927,4420570,4331736,4333206,3581985,4474083,92920,4428929,4384058,870106,4453501,1144796,914364,719803,New.ReferenceOTU132,199301,577289,4422405,1532107,268162,944401,592087,4368600,352392,4336253,103410,4365130,4371341,4429335,New.CleanUp.ReferenceOTU94879,New.CleanUp.ReferenceOTU71266,4467214,4449055,2530636,7821,979344,217266,New.ReferenceOTU257,New.CleanUp.ReferenceOTU4893,966903,933546,4469722,4467992,841635,305668,9727,4455618,152001,165489,New.CleanUp.ReferenceOTU137766,1097610,New.ReferenceOTU150,4449054,28841,13332,149907,4452118,4057266,277094,4301374,403701,1705765,1118253,4474255,New.ReferenceOTU356,1634493,4447188,New.CleanUp.ReferenceOTU179849,4480861,4457554,4479347,New.CleanUp.ReferenceOTU135117,4299126,353576,992035,3994882,4327501,744371,326083,3191490,1952,4453609,4456068,512238,222868,136025,New.CleanUp.ReferenceOTU150434,1005844,551638,4371191,347640,New.CleanUp.ReferenceOTU52660,2932342,4310398,New.CleanUp.ReferenceOTU108872,1105574,New.ReferenceOTU352,4466006,4425394,4356641,4321559,727218,4128270,786735,130002,1079708,163243,887931,4445096,4474736,4449456,4294457,973092,2706576,4303191,305967,689696,1105948,536121,563693,4411138,678813,1145616,New.CleanUp.ReferenceOTU170183,4469253,4471122,4331180,23513,4483034,212159,4469924,161423,827453,173773,744710,New.CleanUp.ReferenceOTU112049,4418395,271159,3490230,188840,766020,1100972,4438565,4413214,4362165,197072,641481,4483015,967097,4402734,1119668,3692328,New.CleanUp.ReferenceOTU89346,3244896,4397109,New.CleanUp.ReferenceOTU34270,4425634,316732,50765,2792176,814442,573135,4439603,New.CleanUp.ReferenceOTU83823,327694,149938,4472112,New.CleanUp.ReferenceOTU175591,4421183,163857,243500,292400,4353264,104678,4427546,4468125,281659,922365,4481801,4404220,1138326,New.CleanUp.ReferenceOTU111910,4299448,4387092,New.ReferenceOTU13,322743,4442130,818415,951659,4294683,1018359,761711,64653,338398,4424700,160917,4399515,4470706,4469492,4307247,212239,254432,528865,3562626,4404139,4295230,937813,222534,60179,New.ReferenceOTU162,160064,4375646,4354703,611668,99430,964220,4389958,217392,1010721,581015,557799,New.CleanUp.ReferenceOTU143406,583102,3290764,827314,4430843,663573,4473883,New.CleanUp.ReferenceOTU36304,New.CleanUp.ReferenceOTU126332,30983,545721,4449609,New.CleanUp.ReferenceOTU35333,New.CleanUp.ReferenceOTU78027,312988,4456889,New.CleanUp.ReferenceOTU54004
RJB21,4338,2,4617,0,76,4,1,0,1,1,7,1,0,40,0,0,4,29,23,0,0,18,15,0,8,19,0,4,2,0,11,0,0,0,0,6,0,0,0,0,0,16,0,3,0,0,0,0,12,17,12,4,0,0,4,0,0,16,0,0,0,1,0,0,0,0,0,7,8,0,0,0,0,0,0,1,7,1,0,0,0,0,0,5,0,2,0,0,0,0,0,7,0,6,0,0,0,6,0,1,4,0,0,0,0,0,0,0,0,0,0,0,0,6,0,0,0,0,3,0,8,0,0,0,0,0,5,0,0,0,0,0,0,2,0,1,2,0,0,0,0,0,0,1,0,2,0,0,0,7,0,0,0,0,0,3,0,0,2,5,0,0,0,0,0,0,0,0,0,0,0,0,0,0,0,0,0,0,9,0,0,11,35,0,0,0,0,0,0,0,0,0,3,0,0,0,0,5,0,0,0,0,0,0,0,0,0,0,0,0,0,0,0,0,0,0,7,0,0,0,0,0,0,0,1,5,0,0,0,5,0,0,0,16,1,0,0,0,0,0,0,0,0,1,2,1,0,0,0,0,4,1,0,0,1,0,0,0,0,0,0,0,0,0,0,1,0,0,0,0,0,2,0,0,0,0,0,4,0,0,0,0,0,0,0,0,2,0,1,3,0,0,0,0,0,0,0,0,0,0,0,0,0,2,0,2,0,11,0,0,0,0,0,0,0,0,0,0,3,0,0,0,0,0,0,0,0,0,0,0,2,0,0,0,0,0,0,0,0,0,0,0,0,0,0,0,0,0,0,0,0,0,0,5,0,0,0,0,2,0,0,0,0,0,0,0,0,0,0,0,0,0,0,0,0,0,0,0,0,0,0,0
007CT,2,8,4063,575,0,386,0,0,0,302,0,0,151,12,0,0,0,0,0,0,0,0,3,359,0,0,0,14,0,0,0,81,0,0,9,532,0,312,0,0,0,0,38,0,14,0,0,0,0,0,0,1,0,3,13,33,27,0,0,0,0,50,0,0,39,0,0,1,19,0,50,0,4,0,0,0,5,107,0,0,0,0,0,0,63,0,0,0,0,0,0,0,0,0,0,0,0,0,0,20,0,0,0,0,0,247,11,0,0,0,0,0,0,0,0,0,0,0,0,5,0,0,108,0,0,0,21,3,0,0,17,0,18,0,43,32,5,13,0,0,0,0,103,0,1,19,0,0,0,0,0,0,9,0,0,0,0,26,0,0,0,0,0,9,0,0,0,0,15,0,0,0,0,3,0,0,0,0,0,0,0,0,0,0,0,3,52,0,15,0,0,2,0,0,0,0,0,0,0,0,0,0,5,0,0,0,0,0,0,0,0,0,0,0,0,0,0,0,52,1,0,0,0,0,0,0,0,0,0,18,0,0,0,5,0,0,0,26,0,56,0,0,0,0,0,12,27,0,0,7,0,0,38,0,0,0,0,0,6,0,0,0,0,0,0,0,0,0,0,0,12,0,62,0,0,0,0,0,0,0,2,4,0,0,0,0,9,0,1,0,0,0,0,0,0,0,0,0,0,0,0,1,0,0,0,0,0,0,1,0,0,0,0,0,0,7,0,0,0,0,10,0,0,0,0,0,0,0,48,0,0,0,0,0,0,0,0,52,0,0,0,0,0,0,0,0,0,0,0,3,17,0,0,0,84,0,0,0,0,42,0,0,0,0,0,0,0,0,58,0,0,0,0,0,14,0,0,0,0,0,0,0
RJB39,578,3,3988,0,278,0,764,823,0,31,1,0,0,177,0,61,0,0,257,0,0,108,16,0,92,3,0,73,0,0,1,0,0,31,19,3,0,1,91,0,3,0,13,0,58,1,17,0,64,27,0,0,18,2,0,0,0,42,87,2,38,0,0,0,0,0,88,35,31,0,0,0,0,0,0,0,0,11,1,0,5,0,0,0,0,9,0,12,3,0,0,17,0,0,23,0,28,0,9,2,6,13,0,0,0,0,0,0,31,11,0,0,0,3,1,0,0,0,27,5,0,0,0,0,25,0,0,3,0,5,14,0,0,0,19,3,0,24,0,8,15,12,0,0,0,3,0,0,16,10,0,0,0,0,0,0,0,0,1,0,27,0,0,0,11,0,0,0,1,0,0,0,0,7,0,0,0,0,0,11,36,0,2,0,24,0,0,1,19,0,6,10,1,0,0,0,0,21,11,0,0,0,0,0,1,20,0,0,0,23,0,0,0,0,8,0,0,0,0,0,0,9,0,37,0,0,1,0,8,0,0,0,0,0,0,0,0,0,0,0,0,0,17,0,0,0,0,0,0,0,0,9,0,18,6,0,48,0,0,0,0,0,0,0,0,3,0,0,0,0,0,2,0,0,0,0,0,0,0,0,0,0,0,0,4,0,34,0,7,0,0,0,8,0,0,0,0,0,0,0,0,0,0,6,0,1,0,0,1,0,0,0,0,0,0,0,0,0,0,0,0,0,0,0,0,0,0,0,0,0,0,0,29,0,23,0,2,0,0,0,0,0,0,0,0,1,0,0,0,3,0,0,0,0,0,0,0,0,0,12,0,0,0,0,0,0,19,0,0,0,0,0,0,0,0,0,14,0,0,11,1,0
RJB40,1706,6,3675,1,53,0,339,392,0,28,0,0,0,20,0,0,4,13,69,0,0,24,3,9,20,7,0,12,0,0,0,0,0,182,126,1,0,7,88,1,31,4,59,0,301,2,5,0,9,3,0,0,28,68,0,23,0,2,24,0,27,0,0,0,0,18,71,2,3,0,0,0,15,0,0,0,4,54,0,0,188,0,0,0,0,4,0,1,3,2,0,7,0,0,5,0,40,0,0,18,3,6,0,0,0,0,3,0,47,26,0,0,0,0,0,0,0,0,5,0,0,0,0,0,3,0,0,3,23,14,7,0,0,0,29,38,0,11,2,6,8,16,0,0,0,22,0,28,5,2,0,0,0,10,0,0,0,0,0,0,0,1,6,0,34,0,0,0,15,0,0,0,0,80,0,0,0,0,0,8,13,0,4,46,11,0,0,0,38,0,5,1,0,0,3,0,0,8,3,0,0,0,0,0,1,8,0,0,0,16,0,0,0,4,0,0,0,1,0,0,0,8,0,0,0,0,3,0,36,0,0,0,0,0,0,0,0,0,0,0,0,0,1,0,0,0,0,1,0,0,0,0,0,13,3,0,9,0,0,0,2,4,0,0,0,0,10,0,11,0,6,1,0,0,0,0,0,0,0,0,1,0,6,0,5,0,0,0,2,0,0,0,17,0,2,9,0,0,0,0,0,0,0,0,0,3,0,0,3,0,6,0,5,0,0,0,0,0,0,89,0,21,0,0,0,0,0,0,0,0,0,0,0,0,4,0,0,0,0,0,0,0,0,0,0,0,0,0,0,0,0,0,0,0,0,0,31,0,0,0,0,0,0,0,0,0,13,0,0,0,0,0,0,0,0,0,5,0,0,0,0,0
RJB38,142,7,3328,0,140,0,1216,555,0,2,17,0,0,89,0,28,18,0,439,0,0,21,1,153,40,0,0,11,0,0,1,0,0,49,164,6,0,2,120,0,0,0,137,0,92,0,43,0,30,9,0,11,82,12,1,3,0,8,18,31,31,0,0,0,0,0,3,14,0,0,0,0,0,0,0,25,0,8,1,0,13,0,0,0,0,0,0,0,29,0,0,7,0,0,11,0,0,0,0,39,13,17,20,0,0,0,21,0,22,12,0,0,0,0,0,0,0,0,0,0,1,0,0,0,11,0,0,55,0,5,109,0,0,0,26,51,0,107,0,55,0,50,0,10,0,0,0,15,7,0,0,0,0,5,0,0,0,0,0,1,0,14,0,0,29,0,0,0,36,0,0,0,0,4,0,0,0,0,0,81,20,0,2,1,0,10,0,0,22,0,0,2,0,0,0,0,0,39,5,0,0,0,0,0,0,27,0,0,0,37,0,3,0,0,24,0,0,0,1,0,0,16,0,4,1,0,4,0,5,0,0,0,0,0,0,0,0,0,0,0,0,0,0,1,0,0,0,25,0,0,0,0,0,52,5,0,7,0,0,0,6,0,0,0,0,3,0,0,0,0,3,0,0,0,0,0,0,0,0,0,0,0,0,0,0,0,10,0,3,0,0,0,38,0,70,0,0,0,0,0,0,0,0,4,0,0,0,0,1,12,30,0,0,0,0,0,0,0,0,11,0,32,0,0,0,0,0,0,0,0,0,0,5,0,0,0,1,0,0,0,0,0,0,0,19,27,0,0,0,0,0,0,0,0,0,0,17,0,0,0,0,0,21,0,0,0,0,0,0,0,0,0,0,0,0,0,12,0,0,0,0,0
063NY,91,0,3132,2199,0,1468,0,0,0,338,0,0,644,40,0,0,0,1,0,0,0,0,0,126,0,0,0,114,0,30,1,149,0,0,0,0,0,16,0,1,0,0,154,0,0,0,0,0,0,0,0,19,0,0,0,0,93,0,0,0,0,0,0,0,52,0,0,7,0,0,73,0,0,0,0,0,48,0,0,0,0,0,0,0,0,0,0,43,0,28,0,0,0,0,0,0,0,0,0,0,0,0,0,71,0,0,0,0,0,0,0,0,0,0,0,0,0,0,0,5,0,0,0,0,0,0,0,0,0,1,0,0,98,0,0,0,130,10,0,65,0,0,0,0,0,0,0,0,0,0,0,0,15,0,0,0,0,0,0,0,0,0,0,27,0,0,0,0,0,0,0,0,0,0,0,0,0,0,0,0,0,0,0,0,0,0,0,0,0,0,0,13,0,0,0,0,0,0,0,0,0,0,20,0,0,0,0,0,0,0,0,0,0,0,0,0,0,0,46,0,0,0,0,0,0,0,0,0,0,0,0,0,0,3,0,0,0,0,0,0,0,0,0,0,0,5,0,0,0,0,0,0,3,0,0,0,0,0,1,0,3,0,0,0,0,0,0,0,0,0,0,0,0,0,0,0,0,0,0,0,0,0,0,0,0,0,0,0,3,0,0,0,0,0,0,0,0,0,0,0,0,0,0,1,0,0,0,0,0,21,0,0,0,0,0,0,0,0,0,0,5,0,0,0,0,0,0,0,0,0,0,0,0,0,0,0,0,0,0,0,83,0,0,0,0,0,0,0,0,19,0,0,0,0,0,0,0,0,0,0,0,0,0,0,0,0,0,0,0,0,0,0,0,0,16,0,0,0,0,0,0,0
RJB36,1901,395,2694,0,190,0,668,337,2,15,3,0,0,116,0,361,0,10,328,0,68,41,7,0,9,10,47,20,0,77,24,0,0,17,68,0,0,0,53,0,28,5,26,12,50,7,2,33,34,28,31,23,11,9,3,8,0,3,54,0,14,4,0,8,0,14,27,27,32,14,0,0,3,0,0,10,0,1,0,0,3,0,23,17,0,2,4,11,0,2,0,4,0,20,6,0,0,10,15,16,8,8,0,0,0,0,0,0,37,0,1,1,4,0,0,0,0,0,0,5,17,12,0,0,11,0,20,0,0,0,0,0,0,0,0,12,0,0,9,15,7,7,0,5,0,13,0,11,0,0,0,23,0,14,0,0,0,0,3,15,0,0,2,0,13,0,0,0,0,0,0,0,0,17,0,0,0,12,0,0,0,0,2,0,7,0,34,20,17,0,0,2,0,0,0,0,3,19,0,0,0,0,0,0,0,0,0,16,0,0,14,0,0,10,5,0,0,0,10,0,5,12,0,0,13,0,0,0,0,0,0,0,0,0,0,0,0,0,0,0,1,0,20,17,0,0,0,14,0,14,16,13,0,0,0,0,0,0,0,0,0,0,0,0,0,0,0,0,0,0,0,14,0,0,0,9,0,0,0,22,12,0,0,0,0,0,0,0,8,1,0,0,0,0,3,0,0,0,0,0,0,0,0,2,0,4,0,4,0,0,0,0,0,18,0,0,0,0,0,0,2,0,0,0,0,0,0,0,0,1,0,0,0,0,0,29,6,0,0,0,0,4,0,0,10,0,0,0,0,0,0,0,0,0,0,0,0,0,16,0,0,0,0,0,0,0,0,0,0,0,10,0,0,0,0,0,8,0,0,1,0,0
RJB18,6828,0,2392,0,0,0,65,9,0,5,10,0,0,0,0,1,0,35,28,0,0,0,1,0,0,24,0,11,0,0,0,0,0,12,1,4,0,0,5,0,2,22,4,0,4,0,0,0,0,0,0,3,4,2,0,0,0,0,0,0,88,2,0,0,0,4,3,0,0,0,0,0,1,0,0,0,0,25,0,0,1,0,0,0,0,0,0,0,0,0,0,0,0,0,0,0,8,0,1,0,0,1,0,0,0,0,6,0,0,0,0,0,0,0,0,0,0,0,0,0,2,0,0,0,0,0,0,0,0,0,4,0,0,0,5,0,0,12,0,0,4,1,0,8,0,2,0,0,0,0,0,0,0,0,0,0,3,0,0,1,0,0,0,0,2,0,0,0,0,0,0,0,0,0,0,0,0,0,0,0,0,2,68,2,3,0,0,0,0,0,0,0,0,0,0,0,0,3,0,0,0,0,0,0,0,0,0,0,0,0,0,0,0,3,0,0,0,0,0,0,0,0,0,0,0,0,0,0,4,0,0,0,0,0,0,0,0,0,0,0,0,0,0,0,0,0,0,0,2,1,0,0,0,0,0,0,0,0,0,0,0,0,0,0,0,0,0,0,0,0,0,0,0,0,0,1,0,0,0,0,0,0,0,0,0,0,0,0,0,0,0,0,7,0,0,0,0,0,0,0,0,0,0,0,0,0,0,0,0,0,0,0,0,0,0,0,0,0,0,0,0,5,0,0,0,0,0,0,0,0,0,0,0,0,0,0,0,0,0,0,0,0,0,0,0,8,0,0,0,0,1,0,0,0,0,0,0,0,0,0,0,0,0,0,0,0,0,0,0,0,0,0,0,0,0,0,2,0,0,0,0,0
RJB37,3105,1938,1739,1,39,0,162,99,0,51,9,0,5,9,0,903,0,16,62,0,0,8,56,0,13,15,0,30,0,0,47,0,0,12,43,0,0,0,6,0,20,2,14,0,5,1,25,0,7,4,6,0,9,1,0,0,0,0,30,10,0,4,0,0,0,0,23,2,0,0,0,0,30,6,0,0,13,0,1,0,2,0,0,0,0,24,6,3,15,0,0,0,0,0,0,0,13,0,0,24,12,0,0,0,0,0,180,57,10,0,6,7,0,0,0,0,0,0,6,1,34,0,0,0,1,0,0,0,0,4,37,0,0,0,3,14,0,0,0,0,0,6,0,0,0,0,0,6,7,0,0,1,1,0,0,0,24,0,1,8,0,0,4,0,2,0,6,0,6,1,1,0,0,2,0,0,0,0,0,0,0,0,5,16,5,0,0,1,1,0,3,0,9,0,0,0,0,2,13,0,0,1,0,0,0,0,0,0,0,4,0,0,0,11,0,0,0,0,0,0,0,1,0,0,0,0,0,0,9,0,0,0,0,0,0,0,0,0,0,0,3,0,0,0,0,0,0,0,0,1,0,0,0,0,1,0,0,0,0,0,4,5,0,0,0,0,3,0,0,9,0,0,0,0,0,2,0,0,0,0,0,3,0,0,0,0,0,0,0,0,21,0,0,0,0,22,0,0,0,0,0,0,0,0,0,0,0,0,7,3,6,0,0,0,0,0,0,0,0,0,0,0,0,0,0,0,0,0,0,0,0,0,1,0,0,0,0,0,0,0,0,0,18,2,0,0,0,0,0,0,6,1,0,0,2,2,0,0,0,0,0,0,0,0,0,0,0,0,0,0,0,0,0,0,0,0,0,0,0,0,0,0
RJB17,7246,2,1549,0,14,0,121,146,0,0,20,0,0,14,0,0,0,39,25,0,10,0,0,0,3,41,0,0,0,22,0,0,1,0,14,0,0,1,22,0,0,26,0,0,8,0,0,23,1,4,14,16,0,6,0,4,0,6,3,19,33,0,0,0,0,0,1,1,0,0,0,0,4,4,0,4,0,6,0,0,0,0,0,0,0,0,0,0,0,5,0,3,0,2,3,0,0,0,0,8,0,0,0,0,0,0,0,0,0,9,0,0,0,0,0,0,0,0,0,0,5,0,0,0,2,0,0,0,0,5,3,0,0,0,9,4,0,6,13,0,0,0,0,0,0,0,0,15,0,0,0,0,20,0,0,0,0,0,1,0,0,0,0,0,13,0,0,0,0,0,0,0,0,7,0,0,0,0,0,0,3,0,20,0,3,0,0,0,0,0,0,0,0,0,7,0,0,2,0,0,0,0,0,0,0,33,0,0,0,0,0,0,0,0,0,0,0,0,0,0,0,1,0,0,0,0,0,0,0,0,0,0,0,0,0,0,0,0,0,0,0,0,0,0,0,0,0,0,13,0,0,0,0,0,0,0,0,0,0,0,0,0,0,0,0,0,0,0,0,0,0,0,0,0,0,0,0,0,0,0,0,0,0,0,0,0,0,0,1,0,0,0,0,0,0,0,0,0,0,0,0,0,0,0,1,0,4,0,4,0,4,0,0,0,0,0,0,0,0,0,0,0,0,0,0,0,0,0,0,1,0,0,0,0,0,0,0,0,0,0,0,0,0,0,0,0,0,0,0,0,0,0,0,0,0,0,0,0,0,0,0,0,0,0,0,0,0,0,0,0,0,0,0,0,0,0,3,0,0,0,0,0
RJB43,554,0,1407,0,1598,0,0,0,41,0,1,0,0,675,0,0,0,2,18,0,0,310,25,0,427,0,0,448,0,0,0,39,0,0,1,25,0,0,0,0,0,1,0,0,0,20,0,0,181,266,0,0,2,0,0,0,29,287,189,0,0,22,1,40,0,0,0,121,71,0,0,0,93,46,0,218,0,0,0,0,80,0,0,0,0,84,0,145,0,0,0,36,0,0,0,0,81,0,0,13,71,0,69,0,0,0,1,0,0,0,0,0,0,0,0,37,0,0,77,8,0,0,0,0,44,0,0,0,0,0,0,0,0,0,0,0,0,0,0,0,0,0,0,0,0,0,0,0,0,66,0,0,2,4,0,0,0,0,0,1,0,0,0,0,0,0,0,0,0,0,0,0,0,0,0,12,0,0,0,0,0,0,0,0,49,48,0,0,0,0,0,37,0,0,0,0,0,0,0,0,0,83,0,0,0,0,0,1,0,0,0,0,0,0,0,0,0,2,0,0,0,0,0,0,0,0,0,0,0,0,0,0,0,0,0,0,0,0,0,0,0,0,0,0,0,0,0,0,0,3,0,61,0,0,18,0,0,0,0,0,1,0,0,0,0,43,0,0,0,0,0,22,0,0,0,0,0,0,0,0,0,0,1,0,0,0,21,0,14,0,0,30,0,0,0,0,0,0,0,0,0,0,0,25,0,1,0,0,0,0,0,0,0,0,0,0,0,0,0,0,4,0,0,0,0,0,0,0,0,0,0,0,0,0,0,0,14,0,0,0,0,30,0,0,0,0,0,0,0,24,40,0,0,0,0,0,0,0,0,0,0,28,0,0,0,0,0,0,0,0,26,0,0,0,0,0,0,0,0,31,0,0
RJB29,5521,0,1066,1,116,0,0,0,4,11,15,0,0,61,0,0,10,29,4,2239,1,30,1,0,27,31,0,3,0,0,0,0,0,12,0,0,0,0,0,0,0,15,0,0,14,6,0,0,25,27,2,0,15,0,0,14,0,21,2,2,0,4,0,0,0,0,0,11,8,0,1,0,9,0,0,0,2,0,0,0,0,0,0,1,0,3,0,0,0,3,0,6,0,0,0,0,0,0,0,15,9,0,3,0,0,0,8,15,0,0,0,0,0,0,0,0,0,0,1,0,0,0,0,0,8,0,0,0,0,4,0,0,0,0,4,0,0,0,0,0,0,3,0,21,0,4,0,0,0,0,0,0,0,0,0,6,0,0,0,0,0,0,0,0,0,0,0,0,0,0,0,0,0,0,0,0,1,0,0,1,3,0,12,0,0,0,0,0,0,0,0,0,0,0,0,0,0,0,0,0,0,0,0,11,0,0,0,0,0,0,0,0,0,0,0,0,0,0,0,0,0,0,0,0,0,0,0,0,0,0,0,0,0,0,0,0,0,0,0,1,0,0,8,0,0,0,0,0,2,0,0,0,0,0,2,0,0,0,0,0,0,0,0,0,0,0,0,0,15,0,0,2,0,0,0,0,0,0,0,0,2,0,0,0,1,0,0,0,2,0,0,8,0,0,0,0,0,0,0,0,0,0,0,2,0,0,0,0,0,3,0,0,0,0,0,0,0,0,0,0,0,0,0,0,0,0,0,0,0,0,0,0,0,0,0,0,2,0,0,0,0,0,0,0,0,0,0,0,0,3,0,0,0,0,0,0,0,0,0,0,0,0,0,0,0,0,0,0,0,0,0,0,0,0,0,0,0,0,0,0,0,0
RJB35,612,49,1013,1,85,0,427,44,4,14,1,0,0,38,0,0,0,4,126,0,0,25,1,0,16,3,0,2,0,0,0,0,0,3,15,0,5,2,83,0,10,3,53,0,75,0,675,0,22,14,0,4,22,30,1,0,0,3,27,20,148,0,0,0,0,10,208,6,9,0,0,0,1,0,0,3,0,23,0,0,8,0,0,0,0,6,0,7,369,10,0,2,0,0,30,0,7,0,0,13,5,12,0,0,0,0,0,0,57,196,0,0,0,0,218,0,0,0,11,4,0,0,0,0,4,0,0,2,3,8,12,0,0,0,1,20,8,15,1,23,236,46,0,0,0,9,0,73,17,6,0,0,0,5,0,0,0,0,1,0,0,4,0,0,12,0,0,0,4,0,0,0,0,8,0,0,0,0,0,3,3,0,2,5,40,0,0,0,5,0,187,1,0,0,0,0,0,9,74,0,0,0,0,1,0,7,0,0,0,47,0,3,0,103,36,0,0,0,1,0,0,13,0,0,1,0,70,0,5,0,0,0,126,0,0,0,0,0,0,0,0,0,6,0,0,0,0,91,27,0,0,5,0,17,3,0,0,0,13,0,3,52,0,0,0,4,16,0,78,0,0,6,0,111,0,0,0,0,0,0,0,0,4,0,10,0,0,0,1,0,95,0,14,0,52,0,0,0,0,0,0,0,0,1,0,0,0,0,7,0,54,0,12,0,0,0,0,0,0,0,0,45,0,0,0,0,0,0,0,0,0,0,50,0,67,0,0,0,0,0,1,1,0,0,0,26,0,0,0,0,0,0,0,0,0,0,10,0,0,0,0,0,64,0,0,0,28,0,0,0,0,0,0,63,0,64,0,0,0,5,0,0
002CT,7411,0,1002,137,6,119,0,0,0,40,17,2,63,0,0,0,0,35,0,0,1,12,8,68,0,31,0,4,517,0,0,7,0,0,0,46,0,21,0,0,0,15,0,0,0,2,0,0,4,0,0,17,19,0,1,0,1,0,0,0,0,2,0,0,14,0,0,1,0,0,9,6,0,0,0,0,1,7,0,0,0,0,0,0,0,0,0,0,0,0,0,20,0,0,0,0,10,0,0,1,0,0,0,0,0,0,0,0,0,0,0,0,0,0,0,0,0,0,0,3,0,0,8,0,0,0,0,0,0,0,0,0,14,0,0,0,14,0,3,0,0,0,0,0,0,0,0,0,0,0,0,0,0,2,0,0,0,0,1,1,0,0,0,7,0,0,0,0,0,3,0,0,0,0,0,0,0,0,0,0,0,0,5,0,0,0,0,0,0,0,0,1,0,0,0,0,0,0,0,11,1,0,2,5,0,0,0,1,0,0,0,0,0,0,0,0,0,0,10,0,0,0,0,0,0,0,0,1,0,21,0,0,0,3,2,0,0,0,0,1,0,0,0,0,0,1,0,0,1,0,0,0,7,0,0,0,0,0,0,0,0,0,0,0,0,0,0,0,0,0,0,0,18,0,0,0,0,0,0,0,0,0,0,0,0,0,0,0,0,0,0,0,0,0,0,0,0,0,0,0,0,0,0,0,0,0,0,0,0,0,0,0,0,0,0,0,0,0,0,0,2,0,0,0,0,0,0,0,0,0,0,0,0,0,0,0,0,0,0,0,0,0,0,0,0,0,0,0,0,0,0,0,0,0,0,0,0,0,0,0,0,0,0,0,0,0,0,0,6,0,0,0,0,0,0,0,0,0,0,0,0,0
JON03.08,5931,598,952,14,46,6,40,33,26,124,15,0,3,21,0,0,0,43,4,0,0,2,1,2,51,18,0,15,0,0,2,0,0,13,64,1,17,0,3,0,10,14,1,0,45,0,48,0,20,2,0,1,10,5,0,70,2,0,10,4,19,4,0,0,0,0,19,1,6,0,0,0,0,7,0,2,0,0,7,0,4,0,0,0,0,0,1,3,37,3,0,2,10,3,2,0,8,0,0,8,0,15,0,0,0,0,10,0,4,8,3,5,0,0,7,0,0,0,0,0,0,0,0,0,0,0,0,3,31,5,6,0,0,0,3,3,0,6,41,0,11,0,0,4,0,0,0,3,0,1,0,1,0,0,0,0,14,0,2,1,0,2,0,0,0,0,1,0,0,0,0,0,0,20,0,0,0,0,0,0,8,0,8,16,0,0,0,0,0,0,7,3,0,0,9,0,0,1,9,0,4,4,0,0,0,0,0,1,0,1,0,0,0,0,1,0,0,0,0,0,1,0,0,20,1,0,6,0,11,1,0,0,9,0,0,0,0,0,0,1,10,0,0,0,0,0,0,4,0,0,0,0,0,0,7,0,0,0,0,0,0,7,0,0,0,0,11,0,0,0,0,3,0,2,0,0,0,0,0,0,5,0,0,0,0,0,0,0,1,0,0,2,1,0,1,3,0,0,0,0,0,0,0,0,0,6,0,0,0,0,0,0,42,0,2,0,5,0,0,0,0,3,0,0,0,0,0,0,0,2,0,0,6,0,12,0,6,0,0,0,0,5,0,11,11,7,0,0,0,0,0,0,0,0,0,0,0,0,0,0,0,3,3,0,0,0,11,0,0,0,0,0,0,4,0,2,0,0,0,0,0,0
011CT,2781,0,933,705,81,834,0,0,0,388,2,0,554,0,0,0,0,20,0,0,0,0,25,439,0,12,0,87,0,0,0,7,0,0,0,376,0,441,0,0,12,11,0,0,19,0,0,0,0,0,0,127,0,0,0,0,364,0,0,0,0,0,0,0,109,0,0,0,0,0,57,0,0,64,0,20,0,12,0,45,0,0,0,0,0,0,0,0,0,2,0,0,0,0,0,0,13,0,0,12,0,0,0,0,0,58,0,0,0,0,0,0,0,51,0,0,0,0,0,0,0,25,174,0,0,0,0,0,0,0,0,0,33,0,0,0,1,0,0,0,0,0,0,0,0,0,0,0,0,0,0,0,81,0,0,0,0,0,0,0,0,0,97,46,0,0,0,0,0,0,0,0,0,12,0,0,0,0,0,0,0,0,3,0,0,0,0,0,0,0,0,11,2,0,0,0,0,0,0,0,0,0,37,0,0,1,0,0,0,0,0,0,0,0,0,0,0,0,45,0,0,1,0,0,0,0,0,0,0,12,0,0,0,3,0,0,0,0,0,29,0,27,0,0,0,5,0,0,0,0,0,0,46,0,0,0,0,0,0,0,2,0,0,0,0,0,0,0,0,0,0,0,0,0,0,0,0,0,0,0,0,0,0,0,0,0,0,0,0,0,0,0,0,0,0,0,0,0,0,0,0,0,0,0,15,0,0,0,0,0,0,0,0,0,0,0,0,0,0,0,11,0,0,0,0,0,0,0,0,0,0,0,0,0,0,0,0,0,0,0,0,0,0,0,0,0,0,0,0,1,0,0,0,0,0,0,0,0,0,0,0,0,0,0,0,0,0,0,4,0,0,0,0,0,0,0,0,0,0,0,0,0
005CT,1308,0,855,2838,0,1239,0,0,0,606,2,1,623,0,0,0,0,5,0,0,0,0,120,304,0,3,0,21,0,0,0,227,0,0,0,40,0,215,0,0,82,4,0,0,0,0,0,0,0,0,2,0,0,0,0,0,5,0,17,0,15,0,0,0,73,0,0,0,0,0,106,0,0,0,0,0,0,63,0,0,0,0,0,1,0,0,0,0,0,65,0,0,0,0,0,0,0,0,0,0,0,0,0,0,0,40,0,0,0,0,1,2,0,0,0,0,0,0,0,0,0,0,18,0,0,0,1,0,0,0,0,0,12,0,0,0,83,0,0,0,0,0,0,0,0,0,0,0,0,0,0,0,62,0,0,0,0,0,0,0,0,0,0,30,0,0,0,0,0,0,0,0,0,0,0,0,0,0,0,0,0,0,0,0,0,0,0,0,0,0,0,1,7,208,69,0,0,0,0,0,0,0,18,0,0,0,0,0,0,0,0,0,0,0,0,0,0,0,0,0,0,0,0,0,0,0,0,0,0,0,0,0,0,7,0,0,0,0,0,0,0,0,2,0,0,8,0,0,0,0,0,0,19,0,0,0,0,0,0,0,0,0,0,0,0,0,0,0,0,0,0,0,46,0,0,0,0,0,0,0,0,0,0,0,0,0,0,0,0,0,0,0,0,0,0,0,0,0,0,0,0,0,0,0,69,0,0,0,0,0,0,0,0,0,0,0,0,0,0,0,16,0,0,0,0,0,27,0,0,0,0,0,0,0,0,0,0,0,0,0,0,0,0,0,0,0,0,0,0,0,0,0,0,0,0,0,0,0,1,0,0,0,0,0,0,0,0,0,0,0,0,0,0,0,0,0,0,0,0,0,0,0
RJB04,8105,2,730,0,22,0,34,62,0,65,11,0,0,0,0,0,0,62,7,0,0,0,0,0,19,21,0,0,0,0,0,0,0,3,0,3,0,22,21,0,92,20,0,0,0,20,0,0,0,6,0,0,0,14,0,15,0,0,3,0,24,2,0,0,0,2,2,0,0,0,0,0,8,0,0,0,0,0,0,0,2,0,0,0,0,0,0,0,0,6,0,0,0,14,0,0,0,0,10,0,0,1,0,0,0,0,6,13,0,0,0,0,0,0,5,0,0,0,0,0,0,0,0,0,0,0,0,0,19,13,14,0,0,0,9,5,0,0,11,0,0,0,0,0,0,8,0,3,0,0,0,0,0,0,0,0,0,0,1,2,0,0,0,0,0,0,0,0,0,0,0,0,0,0,0,0,0,0,0,0,0,0,0,0,0,0,0,0,0,0,0,0,0,0,0,0,0,1,0,0,0,1,0,0,0,9,0,0,0,0,0,0,0,0,0,0,0,0,0,0,48,2,0,0,0,0,13,0,0,0,0,0,0,0,0,0,0,0,0,0,0,12,0,0,0,0,1,0,0,0,0,0,0,0,1,0,0,0,0,0,0,0,0,0,0,0,0,0,0,0,11,0,0,0,0,0,0,0,0,0,1,0,0,0,0,0,0,0,0,0,0,0,0,0,0,0,0,0,0,0,0,0,0,0,0,0,7,0,3,0,2,0,0,0,0,0,0,0,0,6,0,0,0,0,0,0,0,0,0,6,0,0,0,0,0,0,0,0,0,0,0,0,0,0,0,0,0,0,0,0,0,0,0,0,0,0,0,0,0,0,0,0,0,0,0,0,1,0,0,0,0,0,0,0,0,0,1,0,0,1,2,0
JON03.07,6632,539,706,26,35,18,54,19,32,78,16,1,0,18,0,0,0,59,18,0,0,3,3,1,1,28,0,10,0,0,1,0,1,14,25,0,9,0,1,0,7,10,13,0,4,1,19,0,0,1,1,3,9,3,0,66,1,15,2,4,16,0,0,1,0,0,2,3,6,0,1,0,20,1,0,0,0,0,17,0,4,0,0,0,0,0,0,0,2,0,0,7,9,0,1,0,2,0,0,3,0,72,0,0,0,0,28,0,10,0,1,1,0,0,0,0,0,0,0,0,0,0,0,0,0,0,0,2,3,2,0,0,0,0,0,1,0,5,0,0,10,0,0,0,0,0,0,5,0,0,0,0,2,0,0,0,7,0,3,0,0,16,0,0,17,0,4,0,0,0,0,0,0,1,0,0,0,0,0,1,4,0,5,4,7,0,4,0,5,1,3,2,0,0,60,0,0,1,0,0,0,0,0,0,0,0,0,0,0,4,1,0,0,2,5,0,0,0,0,0,0,1,0,11,0,1,1,0,7,0,0,0,4,0,0,0,0,0,0,15,6,0,0,0,0,0,0,0,6,0,0,1,0,0,0,0,2,0,0,0,0,0,0,0,0,0,0,0,9,0,1,1,0,4,0,0,0,0,0,0,23,0,0,0,0,0,5,0,0,0,0,0,0,0,0,0,0,0,0,0,0,0,0,0,2,0,0,0,0,14,3,10,0,0,0,0,0,0,0,2,0,0,0,0,0,0,0,0,0,1,3,0,0,0,0,0,0,0,0,0,0,0,1,37,16,0,0,0,0,0,0,0,0,0,0,0,0,0,0,0,0,0,2,0,0,0,0,13,0,0,0,0,0,1,0,0,0,0,0,0,0,0
WAS01.01,7505,72,693,1,58,0,1,0,0,24,26,0,0,2,0,0,0,50,7,0,0,34,0,0,0,33,0,7,0,0,1,0,0,46,6,0,0,0,33,0,33,13,0,0,0,43,102,1,0,0,0,23,0,0,0,14,0,0,0,0,0,0,0,0,0,0,34,0,0,0,0,0,40,0,0,0,0,0,0,0,19,0,0,0,0,0,0,0,29,0,0,0,0,0,0,0,0,0,16,1,0,15,0,0,0,0,0,0,60,0,0,0,0,0,43,0,0,0,0,0,0,0,0,0,0,0,0,0,0,0,0,0,0,0,0,0,0,0,0,0,3,0,0,45,0,0,0,21,0,0,0,0,0,0,0,0,49,0,0,0,0,0,0,0,0,0,1,0,0,0,0,0,0,0,0,0,0,0,0,0,0,0,7,0,0,0,0,0,0,0,0,0,0,0,0,0,0,1,39,0,0,0,0,0,0,0,0,0,0,1,0,0,0,0,0,0,0,0,0,0,17,2,0,0,0,0,9,0,0,0,0,0,0,0,1,0,0,0,0,0,0,0,0,0,0,0,0,0,28,0,0,0,0,0,0,0,0,0,0,0,0,0,0,0,0,0,0,0,0,0,0,0,0,0,0,1,0,0,0,0,12,0,0,0,0,0,0,0,0,0,0,0,10,0,0,0,0,0,0,0,0,0,0,0,0,0,0,0,0,0,0,0,25,0,0,0,0,0,0,0,0,0,0,0,0,0,0,0,0,19,0,0,0,0,0,0,0,0,0,0,0,0,0,0,0,0,0,0,0,0,0,0,0,0,0,0,0,0,0,0,0,0,0,0,0,0,0,0,0,0,0,0,0,34,0,24,0,0,0,0,0,0
BLA02.12,6584,846,683,17,58,12,48,16,20,13,336,18,0,11,0,45,15,34,25,0,0,5,1,0,13,38,0,14,0,0,3,12,0,6,3,0,9,0,5,0,9,25,8,0,4,37,14,0,3,0,0,3,9,14,0,25,0,0,34,12,11,1,0,0,2,0,7,3,0,0,0,0,6,0,0,0,11,2,3,0,2,0,0,1,0,0,3,3,3,0,0,0,0,0,2,0,0,0,0,3,0,4,12,0,0,0,5,1,0,2,5,4,0,0,3,0,0,0,1,4,0,0,1,0,2,0,0,5,10,5,5,0,0,0,0,0,0,4,0,0,3,6,0,4,0,0,0,0,0,0,0,0,0,1,0,8,1,0,3,3,0,1,0,0,12,0,2,0,2,3,0,0,3,1,0,0,0,0,3,0,0,10,17,5,0,0,0,0,0,1,0,8,0,0,3,0,0,0,0,33,0,0,0,5,0,2,0,0,0,2,0,0,0,5,0,0,0,0,0,0,2,0,0,0,0,0,0,1,0,0,0,0,0,0,0,0,0,0,0,1,10,0,0,0,4,0,0,0,1,0,0,0,0,1,0,0,0,0,4,0,0,0,0,0,0,0,0,0,0,0,3,1,0,0,0,0,0,0,0,0,9,0,0,0,2,0,0,0,0,0,0,0,1,0,0,0,0,0,0,0,0,0,2,1,0,0,0,27,0,0,0,0,2,0,0,0,0,0,0,0,1,0,0,0,0,0,0,0,0,1,0,0,0,0,0,0,0,0,0,0,0,0,0,1,0,1,0,0,3,0,0,0,0,19,0,0,0,0,0,0,0,0,1,0,0,0,0,0,0,0,0,0,0,0,1,0,0,0,0,0,0,0
RJB10,3414,2193,359,47,35,14,76,33,490,33,1455,0,4,17,0,12,0,24,15,0,0,11,3,4,34,10,0,5,0,0,2,190,0,11,10,0,0,0,5,0,2,17,45,0,12,47,23,0,9,7,0,2,15,17,1,33,0,1,0,20,29,0,0,0,0,7,7,10,0,0,1,0,15,0,0,0,0,0,5,0,2,0,0,0,0,4,0,0,7,0,0,0,4,2,0,0,7,0,0,17,0,6,5,0,0,0,14,0,1,24,8,6,0,0,0,91,0,0,2,0,0,0,0,0,4,0,0,4,11,19,2,0,0,0,13,0,0,4,2,0,17,20,0,17,0,0,0,12,5,0,0,0,0,0,0,0,0,0,3,0,13,2,2,0,4,0,5,0,5,0,1,0,0,4,0,0,0,0,0,0,0,0,1,13,0,0,0,0,8,3,0,1,0,0,5,0,0,4,15,23,1,0,0,8,0,5,0,0,0,2,0,0,0,2,10,0,0,0,0,0,0,0,0,0,0,0,4,0,4,0,0,0,8,0,0,0,0,0,0,0,16,0,2,0,0,0,0,0,6,0,0,0,0,0,4,0,0,0,0,0,3,0,0,0,0,0,0,0,5,3,4,0,0,14,0,0,0,0,0,0,4,0,0,0,0,0,0,0,1,0,9,0,0,0,0,0,0,0,0,0,0,0,43,1,0,4,0,0,0,0,0,0,25,0,5,0,0,0,0,0,0,0,0,0,0,0,0,0,0,1,0,0,0,0,0,0,0,0,0,0,0,0,0,0,0,0,0,0,0,2,0,0,0,0,0,0,4,0,0,8,0,0,3,0,0,0,5,4,0,0,0,0,0,0,0,10,0,0,0,0,0,0
WAS01.02,7560,283,312,10,61,4,104,75,0,4,30,0,1,23,0,185,0,52,17,0,0,6,6,0,2,31,0,0,0,0,0,1,0,6,15,0,0,1,41,1,23,14,21,0,2,4,7,0,18,0,1,34,3,11,0,24,0,0,17,54,4,6,0,0,0,0,5,7,14,0,1,0,6,19,0,0,8,13,9,0,0,0,0,1,0,0,0,19,0,1,0,6,0,30,0,0,0,0,3,9,0,0,0,0,0,0,31,17,0,4,0,0,0,0,6,0,0,0,0,0,0,0,0,0,5,0,1,0,3,12,0,0,5,0,7,5,5,0,1,0,0,4,0,0,10,0,0,18,19,0,0,0,0,0,0,0,0,0,0,0,5,11,0,1,0,0,1,0,5,0,0,0,0,5,0,0,0,0,0,6,11,0,0,4,4,0,0,0,5,1,0,0,0,0,0,0,1,0,0,0,0,14,0,0,0,0,0,0,0,0,0,0,0,0,0,0,0,0,0,0,0,2,0,30,0,0,0,0,0,0,0,0,0,0,0,0,0,0,0,4,2,0,0,0,0,0,0,0,2,1,0,13,0,0,0,0,0,0,0,0,0,0,0,0,0,4,0,0,0,0,1,0,0,0,0,0,0,0,0,0,0,0,0,0,8,0,0,0,1,0,1,0,0,0,0,0,0,0,0,0,0,0,4,0,0,10,0,0,2,0,2,0,0,0,5,0,0,0,0,0,2,0,0,0,0,0,0,0,0,5,0,0,0,0,0,0,0,0,0,0,0,0,0,3,0,3,0,0,3,1,0,0,0,0,0,0,0,0,0,0,0,0,0,0,0,0,0,0,0,0,0,0,3,0,0,0,1,0,0,16,2,0
Ixs11,1,9155,282,1,0,0,0,0,0,30,0,0,0,1,0,1,0,0,0,0,0,0,9,0,0,0,0,38,0,1,0,0,0,0,0,0,0,0,0,0,0,0,0,0,0,0,0,0,0,0,0,0,0,0,0,0,13,0,0,0,0,0,0,0,0,0,0,0,0,0,0,0,0,16,0,0,0,9,0,0,0,0,0,0,0,0,0,0,0,0,0,0,0,0,0,0,0,0,0,0,0,0,0,0,0,0,0,0,0,0,28,22,0,0,0,0,0,0,0,14,0,0,0,0,0,0,0,0,0,0,0,0,0,0,0,0,0,0,0,0,0,0,0,0,0,2,0,0,0,0,0,0,3,0,0,0,0,0,0,0,0,24,84,0,0,0,11,0,0,0,0,0,0,0,0,0,0,0,0,0,0,0,0,0,0,0,0,0,0,10,0,1,1,0,0,0,0,0,0,0,0,0,0,0,0,0,0,0,0,0,0,0,0,0,0,0,0,0,0,0,0,0,0,0,0,0,0,0,0,0,0,0,0,0,0,0,0,0,0,0,0,0,0,0,0,0,0,0,0,0,0,0,0,0,0,0,0,0,0,0,0,0,0,0,0,0,0,0,0,12,0,0,0,0,5,0,0,0,0,0,0,0,0,0,0,0,0,0,0,0,0,0,0,0,0,0,0,0,0,0,0,0,0,0,1,0,0,0,0,0,0,0,0,0,0,0,0,0,0,0,0,0,0,0,0,0,0,0,0,0,0,0,0,0,0,0,0,0,0,0,0,0,0,0,0,0,0,0,0,0,0,0,0,0,0,0,0,0,0,0,0,0,0,0,0,46,0,0,0,0,0,0,0,0,0,0,0,0,0,0,0,10
RJB16,8494,46,272,1,5,0,96,162,0,13,15,0,0,5,0,16,0,44,17,0,0,4,1,0,12,35,0,7,0,0,0,0,0,16,17,0,0,2,16,0,17,28,10,0,22,9,1,0,3,0,0,0,15,12,0,7,0,2,11,0,42,1,0,0,0,0,6,0,1,0,0,0,2,0,0,0,0,0,0,0,8,0,0,1,0,0,0,0,0,0,0,0,0,6,6,0,2,0,22,3,0,3,2,0,0,0,0,13,6,2,0,0,0,0,22,0,0,0,0,0,0,0,0,0,0,0,1,0,0,4,0,0,0,0,0,2,0,1,7,4,0,2,0,0,1,0,0,4,14,1,0,1,0,3,0,0,0,0,0,0,0,0,0,0,0,0,0,0,0,0,0,0,0,13,0,0,0,0,0,0,21,0,7,2,3,0,0,0,2,0,0,0,0,0,0,0,1,3,3,0,0,5,0,0,0,0,0,0,0,0,0,0,0,2,5,0,0,0,0,0,4,0,0,0,1,0,2,0,4,0,0,0,0,0,0,0,0,0,0,0,0,0,0,0,0,0,0,0,0,0,0,1,0,3,0,0,0,0,0,0,0,2,0,0,0,0,3,0,1,0,0,0,0,0,0,0,0,0,0,0,0,1,0,0,1,0,0,0,1,0,1,0,1,0,4,0,0,0,0,0,0,0,0,0,0,0,0,0,0,0,1,0,0,0,0,0,0,0,0,1,0,0,0,0,0,0,0,0,0,7,0,0,0,0,2,0,0,0,0,0,0,0,0,0,2,1,0,0,0,0,0,1,0,0,0,0,0,0,0,0,0,0,0,0,0,0,4,0,0,0,0,0,0,0,0,0,1,0,0,0,1,0
013CT,4189,3,223,814,138,654,0,0,0,234,9,9,303,0,0,0,1,27,0,0,0,9,0,176,0,22,0,12,1163,0,2,82,1,0,0,86,0,9,0,0,0,13,0,0,0,0,0,0,0,0,0,3,0,0,0,0,36,0,0,0,0,0,0,0,117,0,0,0,0,0,41,128,0,0,0,0,0,0,0,0,0,0,0,0,224,0,0,0,0,26,0,0,0,0,0,0,0,0,0,0,0,0,1,0,0,57,0,0,0,0,0,0,0,69,0,0,0,0,0,0,0,31,52,0,0,0,0,0,0,0,0,14,6,0,0,1,0,0,0,0,0,8,0,0,0,0,0,0,0,0,0,0,8,0,0,0,0,0,0,0,0,0,0,16,0,0,0,0,0,0,0,0,0,0,0,0,0,0,0,0,0,0,0,0,0,0,23,0,0,0,0,2,0,0,0,0,0,0,0,0,0,0,14,0,0,0,0,2,0,0,0,0,0,0,0,0,0,78,0,76,0,0,0,0,0,0,0,0,0,0,0,0,0,5,0,0,0,0,0,0,0,28,0,0,0,51,0,0,0,0,0,0,0,0,0,0,0,0,0,0,0,0,0,0,0,0,0,0,0,0,0,9,1,0,0,0,0,0,0,0,31,0,0,0,0,0,0,0,0,0,0,0,0,0,0,0,0,0,0,0,0,0,0,0,1,0,3,0,0,0,0,0,0,0,0,0,0,0,0,0,11,0,0,0,0,0,0,26,0,0,0,0,0,0,0,0,0,0,25,0,15,0,0,0,0,0,0,0,0,0,0,0,0,0,0,0,0,0,0,0,0,0,0,0,0,0,0,0,0,0,0,0,0,0,0,0,0,0,0,0,0,0
FT384,3502,4763,209,11,34,11,39,11,5,25,276,96,1,9,0,49,6,24,6,0,0,17,0,2,4,13,0,22,0,0,0,10,0,5,2,1,7,0,5,0,0,10,11,0,8,8,11,0,7,7,0,3,1,3,0,3,2,5,2,4,2,0,0,0,2,2,4,1,0,0,4,0,7,0,0,0,0,0,11,0,4,0,0,0,0,0,0,0,0,0,0,1,0,0,0,0,16,0,0,0,0,0,5,22,0,0,0,0,3,0,9,7,0,0,1,0,0,0,0,0,0,9,0,0,0,0,0,2,0,1,3,0,0,0,7,0,0,12,0,0,1,3,0,0,0,0,0,0,0,1,0,0,0,2,0,0,0,0,21,0,1,0,2,0,3,0,7,0,1,0,0,0,0,1,0,0,0,0,0,0,0,0,0,0,0,0,0,0,0,5,0,2,0,0,0,0,0,0,0,19,0,0,1,0,0,0,0,0,0,0,0,0,0,0,0,0,0,0,0,0,0,0,0,0,0,0,0,0,3,1,0,0,0,0,0,0,0,0,0,6,13,0,0,0,0,0,0,0,0,0,0,1,0,0,0,0,0,0,0,0,0,0,32,0,0,0,2,0,0,5,0,0,0,0,0,0,0,0,4,0,0,0,0,0,5,0,0,0,0,0,0,0,3,0,0,0,0,0,0,0,0,0,0,0,0,0,0,0,0,0,0,0,0,0,0,6,0,0,0,0,0,0,0,0,0,0,3,0,0,2,0,0,0,0,1,0,0,0,0,0,0,3,3,0,0,0,0,0,0,3,0,0,0,0,0,0,0,0,0,0,0,0,0,0,0,0,0,0,0,0,0,0,0,0,0,0,1,0,0,0,4,0
012CT,7432,0,208,290,0,259,0,0,0,120,16,0,135,0,0,0,0,57,3,0,0,0,21,122,8,38,0,74,0,0,1,28,0,0,0,85,0,43,0,0,13,32,0,0,0,0,0,0,0,0,0,26,1,0,0,0,0,0,0,0,0,46,0,0,31,0,0,0,0,0,34,0,0,0,0,146,0,0,0,0,0,0,0,1,0,0,0,8,0,4,0,0,0,0,0,5,28,0,0,0,0,0,1,12,0,26,0,0,0,0,0,0,0,17,0,0,0,0,0,0,0,12,0,0,0,0,0,0,0,0,0,22,13,0,0,0,0,0,0,0,0,8,0,0,0,21,0,0,0,0,0,0,2,8,0,0,0,0,3,0,0,0,6,7,0,0,0,0,1,0,0,0,0,0,0,0,0,0,0,0,0,0,2,0,0,0,15,0,0,0,0,5,4,0,0,0,1,0,0,0,0,0,8,0,0,0,0,0,0,0,0,0,0,0,0,0,0,0,0,0,0,0,0,0,0,0,0,0,0,0,0,0,0,4,0,0,0,0,0,0,0,0,0,0,0,0,0,0,6,5,0,0,5,0,1,0,0,0,0,0,0,0,0,0,1,0,0,0,0,0,0,0,0,0,0,0,0,0,0,0,0,0,0,0,0,0,0,0,0,0,0,0,0,38,0,0,0,0,0,0,0,0,0,0,0,0,0,0,0,0,0,0,0,0,0,0,0,0,0,0,6,0,0,0,0,0,0,25,0,0,0,0,0,0,0,0,0,0,16,0,9,0,0,0,0,0,0,0,0,0,0,0,0,0,11,0,0,0,0,0,0,0,0,0,0,0,0,0,0,0,0,0,0,0,0,0,0,0,0,0,0,0
RJB30,1306,1,205,0,9,1,0,0,0,3,4,0,0,4,0,0,0,11,25,0,630,5,5,0,1,4,1346,1,0,477,5,0,0,0,0,0,1,0,0,49,0,3,0,623,1,0,0,694,9,2,379,0,0,0,0,0,0,3,0,0,0,0,0,0,0,0,0,2,1,554,0,0,0,0,0,0,8,1,0,0,1,0,392,1,0,0,0,0,0,0,0,3,0,0,0,0,0,323,0,2,0,0,0,0,0,0,0,0,0,0,1,0,0,1,0,0,333,0,0,0,0,1,0,0,1,0,0,0,0,0,0,0,0,34,0,0,0,0,0,0,0,0,0,0,0,0,214,0,0,0,0,0,0,0,0,0,0,0,4,0,0,3,0,0,0,0,0,0,0,0,5,217,0,0,0,0,119,144,2,0,0,4,1,0,0,0,0,0,0,0,0,0,0,0,2,0,0,7,0,0,0,0,0,0,0,0,0,1,0,0,0,0,61,0,0,0,0,0,0,0,0,0,113,0,0,1,0,0,0,0,0,0,0,3,0,0,0,0,0,0,0,0,0,0,0,0,3,0,0,0,0,0,0,0,0,0,0,0,0,0,0,0,0,0,0,1,0,0,0,0,0,0,0,0,0,1,0,0,0,0,0,0,0,92,0,0,0,0,0,0,0,0,0,0,0,0,0,0,0,0,0,0,0,0,0,0,2,5,0,0,0,0,0,0,0,0,0,0,0,0,0,0,0,0,0,0,0,0,0,0,0,0,0,0,0,0,0,0,0,0,0,0,0,0,0,0,0,93,0,0,0,0,0,2,0,0,0,0,0,0,0,0,0,0,0,0,0,0,0,0,0,0,0,0,0,0,0,0,0,0,0,0
HAL03.05,8425,142,203,13,19,8,6,27,3,94,17,0,0,3,0,0,0,51,3,0,0,7,3,1,23,19,0,6,0,0,0,2,0,76,15,0,6,6,2,0,8,16,2,0,15,2,0,0,10,1,0,1,2,3,0,31,0,0,17,1,7,4,0,0,0,0,0,0,2,0,0,0,3,0,0,2,4,0,2,0,1,0,0,0,0,0,0,0,0,0,0,0,0,1,2,0,0,0,5,1,0,4,5,0,0,2,0,2,3,0,0,0,0,0,2,0,0,0,0,0,1,0,0,0,1,0,0,0,7,2,1,0,0,0,2,0,0,0,6,0,6,4,0,0,0,0,0,1,3,0,0,0,0,0,0,0,3,0,0,1,1,0,0,0,5,0,0,0,0,0,0,0,0,9,0,0,0,0,0,0,3,0,5,94,0,0,0,0,1,0,0,0,1,0,0,0,0,0,1,0,1,0,0,0,0,3,0,0,0,0,0,0,0,0,0,0,0,0,4,0,33,2,0,12,0,1,3,0,2,0,0,0,0,0,0,0,0,0,0,0,2,0,0,0,0,0,0,0,2,1,0,0,1,0,5,0,0,0,0,0,0,0,0,0,22,0,0,0,0,0,0,0,0,0,0,0,0,0,0,0,0,0,0,0,1,0,0,0,0,0,0,0,0,0,0,0,0,0,0,0,0,0,0,0,0,0,5,0,2,3,0,0,0,0,0,0,6,0,0,3,0,0,0,0,0,0,0,0,0,3,0,0,0,0,0,0,0,0,0,0,0,2,0,1,0,0,0,0,0,0,0,0,0,0,0,0,0,0,0,0,0,0,1,0,0,0,2,2,0,0,0,0,0,0,0,1,0,0,0,0,0,0
RJB15,6654,50,191,1,415,25,11,24,0,9,15,0,0,136,0,70,0,30,0,0,0,67,0,0,109,27,0,49,0,0,0,0,0,0,34,0,0,20,0,0,11,16,10,0,11,4,0,0,3,11,0,0,0,0,0,39,0,0,38,0,51,35,0,0,0,0,0,34,11,0,4,0,1,3,0,0,4,0,0,0,5,0,0,1,0,14,0,16,0,0,0,9,0,109,0,0,0,0,28,23,13,0,47,0,0,1,0,62,0,0,0,0,0,9,21,0,0,0,9,11,0,56,0,0,11,0,1,6,0,0,0,0,0,0,0,35,7,0,17,4,0,0,0,47,7,0,0,0,0,53,0,2,0,1,0,0,0,0,2,0,186,0,0,0,0,0,0,0,0,35,0,0,0,0,0,0,0,0,0,2,0,0,1,0,0,0,0,0,0,0,0,3,0,0,0,0,0,0,0,0,0,27,0,9,1,34,0,0,0,0,0,0,0,0,0,0,0,0,0,0,0,0,0,0,0,1,23,0,0,0,0,0,18,0,0,0,0,0,0,0,0,0,2,0,0,0,0,1,0,6,0,0,2,0,5,0,0,0,0,0,0,0,0,0,0,0,4,0,0,0,0,0,0,0,0,0,0,0,0,0,0,0,5,0,25,0,0,0,4,0,0,0,1,0,0,0,0,0,0,0,0,0,0,5,0,0,0,0,0,0,0,0,0,0,35,0,0,0,0,0,0,0,21,48,0,0,0,0,0,2,0,0,0,0,0,0,0,0,0,0,0,0,0,0,20,0,0,0,0,0,29,0,0,0,0,0,0,0,0,0,0,0,0,0,0,0,0,0,0,0,0,0,0,0,0,0,0,0,0,0,1,0
HAL03.04,9012,80,188,4,30,0,49,0,13,19,27,0,0,2,0,0,0,39,9,0,2,9,0,0,0,31,0,0,0,0,0,0,0,20,23,0,4,0,10,0,6,28,17,0,5,0,0,0,3,0,0,5,4,7,0,0,0,1,0,10,0,0,0,0,0,0,2,0,0,0,0,0,0,0,0,0,0,0,11,0,0,0,0,0,0,0,0,0,0,4,0,0,0,0,0,0,0,0,0,0,0,0,1,0,0,0,0,0,0,0,0,1,0,0,25,0,0,0,0,0,0,0,0,0,0,0,0,0,2,0,0,0,0,1,0,0,0,0,22,8,0,0,0,3,0,0,0,5,0,0,0,0,4,0,0,0,0,0,0,0,0,0,0,0,0,0,0,0,0,0,0,0,0,0,0,0,0,0,0,0,0,0,2,0,0,0,0,0,0,0,0,5,0,0,0,0,0,1,0,0,0,0,0,0,0,0,0,0,0,0,0,0,0,0,4,0,0,0,0,0,18,3,0,5,0,0,0,0,0,0,0,0,0,0,0,0,0,0,0,0,0,0,0,0,0,0,0,0,0,0,0,0,0,0,0,0,0,0,0,0,0,0,0,0,0,0,0,0,0,0,0,0,0,0,0,0,0,0,0,0,0,0,0,0,0,0,0,0,0,0,0,0,0,0,0,0,0,0,0,0,0,0,0,0,0,0,0,0,0,0,0,0,0,0,0,0,0,0,0,0,0,0,0,0,0,0,0,0,0,9,0,0,0,0,0,0,0,0,0,0,0,0,0,0,0,0,0,0,0,0,0,0,0,0,0,0,0,0,0,0,0,0,0,0,0,0,2,9,0,0,0,0,0,0,0,0,0,0,0,0,0,0
RJB32,6301,848,175,15,85,9,139,146,11,30,245,0,2,52,0,106,1,31,45,0,0,17,1,0,24,26,0,45,0,0,1,2,1,47,40,0,2,2,17,0,12,23,24,0,17,76,2,0,7,2,1,0,29,63,0,11,0,16,12,45,29,4,0,0,1,0,29,8,12,0,0,0,0,1,0,7,0,18,12,0,32,0,0,1,0,9,0,10,2,8,0,1,1,3,6,3,3,0,4,5,3,9,22,0,0,0,10,0,1,23,2,2,0,1,4,0,0,0,4,3,0,0,0,0,3,0,0,11,12,12,0,0,0,0,16,14,0,2,6,5,0,11,0,10,1,0,0,4,4,2,0,1,1,0,0,1,0,0,5,0,7,3,0,0,11,0,0,0,1,0,0,0,0,9,0,0,0,0,0,3,4,0,3,2,1,0,0,0,2,1,1,5,0,0,0,0,0,5,0,16,0,0,0,0,0,2,0,0,0,7,0,0,0,8,3,0,0,0,0,0,4,1,0,0,0,0,1,18,0,0,0,0,0,0,0,0,0,0,0,1,13,0,6,0,0,0,0,1,3,0,0,0,0,8,1,0,0,0,0,0,0,1,0,0,0,2,4,0,3,0,5,0,0,0,0,0,0,0,0,0,0,0,2,0,7,0,0,0,1,0,3,0,0,0,0,0,0,0,0,0,0,0,0,3,0,2,0,0,4,6,7,0,0,0,0,0,0,0,0,0,0,0,0,0,0,0,0,0,0,0,0,0,4,0,6,0,4,0,0,0,0,0,0,0,0,0,0,0,0,1,0,0,0,0,0,0,9,0,0,0,0,0,0,0,0,0,0,0,0,0,0,0,0,0,0,0,5,0,0,0,0,0
Ixs10,222,5806,155,19,0,0,0,0,2,23,0,0,0,4,0,26,0,3,8,0,306,0,11,0,0,2,61,1,0,192,217,0,24,0,0,0,0,0,0,173,0,0,0,110,0,0,0,70,0,0,46,19,0,0,41,0,3,0,0,0,0,0,0,0,0,0,0,0,0,16,0,0,0,8,0,0,0,3,0,0,0,0,49,14,10,0,28,0,0,0,0,0,0,0,0,0,3,0,0,5,0,0,0,0,15,0,0,0,0,0,10,13,0,7,0,0,22,0,0,0,11,0,0,0,0,0,18,0,0,0,0,0,1,0,0,0,0,0,0,0,0,0,0,0,0,0,13,0,0,0,8,73,0,0,0,0,0,0,1,3,0,0,5,0,0,0,12,0,0,0,14,0,0,0,0,0,0,12,0,0,0,0,0,0,0,0,0,7,0,10,0,0,1,0,0,0,76,3,0,0,0,0,0,0,29,0,0,16,0,0,68,0,25,0,0,0,8,0,0,0,0,0,2,0,15,25,0,0,0,0,0,0,0,0,0,0,0,0,0,0,0,0,0,0,0,0,0,0,0,0,28,0,0,0,0,0,0,0,0,0,0,0,0,0,0,0,0,0,0,22,0,0,0,0,0,0,0,15,0,43,0,0,0,0,0,0,0,0,0,47,0,0,0,0,0,0,0,0,0,0,0,15,0,0,0,0,0,0,0,0,0,0,0,6,0,0,0,0,0,0,0,0,0,0,0,0,0,0,0,0,0,0,0,0,0,0,0,0,0,0,0,0,0,0,0,0,0,0,0,0,0,0,0,0,0,12,0,0,0,0,0,0,0,0,0,0,0,0,0,0,0,0,0,0,0,0,0,0,0,0,0,0
RJB42,8741,516,145,2,15,1,7,7,12,5,20,0,0,6,0,41,0,61,0,0,0,9,0,0,2,32,0,26,0,0,0,0,1,0,0,0,8,0,0,5,0,18,0,0,0,0,0,0,1,0,0,2,0,0,0,1,0,1,22,0,0,0,0,0,0,1,0,1,0,0,0,0,1,3,0,32,0,32,0,0,0,0,0,0,0,0,0,0,0,3,0,0,0,0,0,0,9,0,1,0,0,0,1,0,0,0,0,0,0,0,1,1,0,0,0,0,0,0,2,0,0,2,0,0,2,0,0,0,0,0,0,0,0,0,0,0,0,0,0,0,0,2,0,0,0,2,0,2,0,0,0,0,0,0,0,0,0,0,1,0,0,0,0,0,0,0,0,10,0,0,0,0,0,0,0,0,0,0,0,0,0,0,5,0,0,3,0,0,3,1,0,8,0,0,0,0,0,0,0,4,0,0,0,1,0,0,0,0,0,0,0,0,0,0,0,0,0,0,0,0,0,0,0,0,0,0,0,0,0,0,0,0,0,0,0,0,0,0,0,0,10,0,0,0,0,0,0,0,0,0,0,0,0,0,1,0,3,0,2,0,0,0,0,0,0,0,0,0,0,0,2,0,0,0,0,0,0,0,0,0,0,0,0,0,0,0,0,0,0,0,0,0,0,0,0,0,0,0,0,0,0,0,0,0,0,1,0,0,0,0,0,3,0,0,1,1,0,0,0,1,0,0,0,0,0,0,0,0,0,0,0,0,0,0,0,0,0,0,0,0,0,0,0,2,0,0,0,0,0,0,2,0,0,0,0,0,0,0,0,0,0,0,0,0,0,0,0,1,0,0,0,0,0,0,0,0,0,0,0,0,0,0
RJB13,4654,48,128,0,0,0,10,0,0,0,7,0,0,0,0,14,0,23,0,0,283,0,7,0,0,18,178,2,0,266,373,2,6,0,0,0,0,2,9,161,3,7,0,129,0,0,0,39,0,0,124,20,0,0,130,0,0,0,12,0,0,0,0,0,0,0,0,0,0,54,0,0,6,0,0,0,0,11,0,0,0,0,27,0,0,0,59,0,0,13,0,3,0,5,0,0,0,36,7,0,0,0,0,0,0,0,0,9,6,0,1,0,6,8,0,9,17,0,0,0,44,0,0,19,0,0,86,0,0,0,0,0,0,0,0,0,0,0,0,7,0,0,0,0,0,0,53,0,0,0,0,55,0,0,0,0,0,0,2,57,0,0,0,0,0,0,0,26,0,0,65,13,0,0,0,0,20,0,0,0,0,6,0,0,0,0,0,53,0,0,0,0,1,0,0,0,11,0,0,0,0,0,0,0,25,0,0,59,0,0,31,0,54,0,0,0,11,0,0,0,0,3,22,0,34,7,0,0,8,0,0,0,0,0,0,0,0,0,0,0,1,0,1,13,0,0,0,0,6,0,40,0,0,0,0,0,0,0,0,0,0,0,0,0,0,0,0,0,0,0,0,0,0,0,0,24,0,42,0,44,6,0,0,33,0,0,0,0,0,13,0,0,0,0,0,0,0,5,0,0,0,17,75,0,0,0,0,0,0,0,0,0,0,36,0,0,0,0,0,0,0,0,0,0,0,0,0,0,0,0,0,0,0,0,0,0,0,0,0,0,0,0,0,0,0,0,31,8,0,0,0,0,0,0,0,19,0,0,0,0,0,0,0,0,0,0,0,0,0,0,0,0,0,0,0,0,0,0,0,0,0,0
Ixs110,2158,7391,117,1,6,0,0,0,0,21,0,0,0,1,0,1,0,9,0,0,0,0,2,0,0,17,0,6,0,0,0,0,0,4,0,0,0,0,0,0,1,6,0,0,1,0,0,0,0,0,0,0,7,0,0,0,1,0,0,0,0,0,0,0,0,0,0,0,0,0,0,0,2,0,0,0,0,0,0,3,0,0,0,1,0,3,0,0,0,0,0,0,0,0,0,1,0,0,0,0,0,0,1,0,0,1,0,0,0,0,12,21,0,0,0,0,0,0,0,3,0,0,0,0,0,0,0,0,0,0,1,0,0,0,0,0,0,0,4,0,0,0,0,0,1,0,0,0,0,0,0,1,1,0,0,0,0,0,30,0,0,1,0,0,0,0,6,0,0,0,0,0,0,0,0,0,0,0,0,0,0,0,1,0,0,0,0,0,0,10,0,0,1,0,0,0,1,0,0,0,0,0,0,0,0,0,0,0,0,0,0,0,0,0,0,0,0,0,0,0,0,0,0,0,0,0,0,0,0,0,0,0,0,0,0,0,0,0,0,0,10,0,0,0,0,0,0,0,0,0,0,0,0,0,0,0,0,0,0,0,0,0,0,0,0,0,0,0,0,0,0,0,0,0,0,0,0,0,0,0,0,0,0,0,0,0,0,0,0,0,0,0,0,0,0,0,0,0,0,0,0,0,0,0,0,0,1,0,0,0,0,0,0,0,0,0,0,0,0,0,0,0,0,0,0,0,0,0,0,0,0,0,0,0,0,0,0,0,0,0,0,0,0,0,0,0,0,0,0,0,2,0,0,0,0,0,0,0,0,0,0,0,0,0,0,0,0,0,0,0,0,0,0,0,0,0,0,0,0,0,0,0
Ixs103,26,9483,67,0,4,1,0,0,0,44,0,0,0,10,0,0,0,0,0,0,0,0,4,0,1,0,0,8,0,0,1,0,0,0,0,0,0,0,0,0,0,0,0,0,7,0,0,0,0,0,0,7,6,0,0,0,13,0,0,0,0,0,0,0,0,0,0,3,0,0,0,0,0,14,0,0,0,0,0,0,0,0,0,0,0,0,0,2,0,8,0,0,0,0,0,0,0,0,0,0,3,0,0,0,0,0,0,0,0,0,22,25,0,0,0,0,0,0,0,2,0,0,0,0,5,0,0,0,0,0,7,0,0,1,0,0,0,0,0,0,0,0,0,0,0,0,0,0,0,0,0,0,2,0,0,0,0,0,0,0,0,0,0,0,0,0,7,0,0,0,0,0,0,0,0,0,0,0,0,0,0,9,0,0,0,0,0,0,0,9,0,0,0,0,0,0,0,0,0,0,0,0,0,0,0,0,0,0,0,0,0,0,0,0,0,0,0,0,0,0,0,0,0,0,1,0,0,0,0,0,0,0,0,0,0,0,0,0,0,0,0,0,0,0,0,0,0,0,0,0,0,0,0,0,0,0,0,0,0,0,0,0,0,0,0,0,0,0,0,0,11,1,0,0,0,0,0,0,0,0,0,0,0,0,0,0,0,0,2,0,0,0,0,0,0,0,0,0,0,0,0,0,0,2,0,0,0,0,0,0,0,0,0,0,0,0,0,0,0,8,0,0,0,0,0,0,0,0,0,0,0,0,0,0,0,0,0,0,0,0,0,0,0,0,0,0,0,0,0,0,0,0,0,0,0,0,0,0,0,0,0,0,0,0,0,0,0,0,0,0,0,0,0,0,0,0,0,0,0,0,0,0
Ixs101,244,9248,45,13,7,2,0,5,4,19,1,0,5,1,0,0,3,7,0,0,3,1,0,2,0,2,4,2,0,0,1,1,3,20,0,1,1,0,1,0,2,0,0,0,0,0,0,0,0,0,0,1,0,0,2,1,3,0,0,0,0,0,0,0,0,0,0,0,0,0,0,0,0,0,0,0,0,6,7,0,1,0,1,1,0,0,0,0,0,0,0,0,1,0,0,0,0,0,0,0,0,0,1,0,0,0,0,0,0,0,36,23,0,0,0,0,0,0,0,0,0,0,0,0,1,0,0,0,0,0,5,0,5,0,0,0,0,0,0,1,0,6,0,0,0,0,0,0,0,0,0,0,1,2,0,0,2,0,11,1,0,0,0,0,0,0,13,0,0,0,0,0,0,0,0,0,6,0,0,0,0,0,0,0,0,0,0,0,0,7,0,1,0,0,0,0,0,0,0,44,0,0,0,0,0,0,0,0,0,0,0,0,0,0,0,0,0,0,0,0,0,0,0,0,1,0,0,0,0,0,0,0,0,0,0,0,0,0,0,0,0,0,0,0,0,1,0,0,0,0,0,0,0,0,0,0,0,0,0,0,0,0,0,0,0,0,0,0,0,0,0,0,0,0,0,0,0,0,0,0,0,0,0,0,0,0,0,0,1,0,0,0,1,0,0,0,0,0,0,0,0,0,0,0,0,0,0,0,0,0,0,0,0,0,0,0,0,0,0,0,0,0,0,0,0,0,0,0,0,0,0,0,0,0,0,0,0,0,0,0,0,0,0,0,0,0,0,0,0,0,0,0,0,0,0,0,0,0,0,0,0,0,0,0,0,0,0,0,0,0,0,0,0,0,0,0,0,0,0,0,0,0
Ixs02,851,8744,35,1,0,0,0,0,0,0,9,0,0,0,0,2,0,3,0,0,0,0,0,0,5,4,0,0,0,0,0,0,0,0,0,0,0,0,0,0,0,3,0,0,0,0,0,0,0,0,0,44,0,0,0,0,0,0,0,0,0,0,0,0,0,0,0,0,0,0,0,0,0,21,0,0,0,0,0,0,0,0,0,0,0,0,0,0,0,0,0,0,0,0,0,0,0,0,0,0,0,0,0,0,0,0,0,0,0,0,21,21,0,0,0,0,0,0,0,0,0,0,0,0,0,0,0,0,0,0,0,0,0,0,0,0,0,0,0,0,0,0,0,0,0,0,0,0,0,0,0,0,1,0,0,0,0,0,1,1,0,0,0,0,0,0,14,0,0,0,0,0,0,0,0,0,0,0,0,0,0,0,0,0,0,0,0,0,0,6,0,0,0,0,0,0,0,0,0,0,0,0,0,0,0,0,0,0,0,0,0,0,0,0,0,0,0,0,0,0,0,0,0,0,0,0,0,0,0,0,0,0,0,0,0,0,0,0,0,0,1,0,0,0,0,0,0,0,0,0,0,3,0,0,12,0,0,0,0,0,0,0,0,0,0,0,0,0,0,36,0,0,0,0,0,0,0,0,0,0,0,0,0,0,0,0,0,0,0,0,0,0,0,0,0,0,0,0,0,0,0,0,0,0,0,0,0,0,0,0,0,0,0,0,0,0,0,0,0,0,0,0,0,0,0,0,0,0,0,0,0,0,0,0,0,0,0,0,0,0,0,0,0,0,0,0,0,0,0,0,0,0,0,0,0,0,0,0,0,0,0,0,0,0,0,0,0,0,0,0,0,0,0,0,0,0,0,0,0,0,0,0
RJB14,8268,9,33,0,192,12,6,0,0,2,43,0,0,58,0,24,0,56,0,0,0,105,3,0,27,19,0,45,0,0,0,0,0,0,0,0,0,0,0,0,0,28,0,0,0,0,0,0,9,0,0,47,26,12,64,0,0,30,0,0,0,21,0,0,0,0,0,9,0,0,0,0,19,0,0,21,0,0,0,0,1,0,0,1,0,0,0,18,0,0,0,0,0,24,0,0,2,0,0,0,0,0,33,0,0,0,0,24,0,0,0,0,0,0,0,0,0,0,0,0,34,8,0,0,5,0,0,0,0,0,0,0,0,0,4,0,0,0,0,0,0,0,0,0,0,0,0,0,0,10,0,0,0,0,0,0,0,0,2,0,0,0,0,0,0,0,0,0,0,0,0,0,0,0,0,0,0,0,0,0,0,25,0,0,0,0,0,0,0,0,0,5,1,0,0,0,0,0,0,0,0,0,1,3,0,0,0,0,0,0,0,0,0,0,0,0,0,0,0,0,0,0,0,0,0,0,0,0,0,4,0,0,0,0,0,0,0,0,0,0,0,0,0,0,0,0,0,0,0,2,0,0,0,0,5,0,0,0,0,0,0,0,0,0,0,0,0,0,0,0,0,0,0,0,0,0,0,0,0,0,0,0,0,0,0,0,0,0,2,0,0,0,0,0,0,0,0,0,0,0,0,0,0,1,0,0,27,0,0,0,0,0,0,0,13,0,0,0,0,0,2,0,0,0,0,0,0,0,0,1,0,0,0,0,0,0,43,0,0,0,0,0,0,0,0,0,0,0,0,0,0,0,0,0,0,0,0,0,0,0,0,0,0,0,0,58,0,0,0,0,14,0,0,0,0,0,0,0,0,0,0,0
091NY,5325,15,30,65,0,57,0,0,7,40,9,0,36,1,0,0,0,25,1,0,65,9,93,0,4,36,0,0,0,47,231,2,68,0,0,0,2,0,0,160,0,26,0,0,0,0,0,0,0,0,88,1,0,0,195,0,1,0,0,15,0,9,0,0,7,18,0,1,0,0,4,4,0,1,22,0,0,2,0,0,0,0,0,156,0,0,282,6,0,0,0,0,0,0,0,21,4,11,0,0,0,0,0,0,0,0,0,0,0,0,0,0,31,4,0,0,0,0,0,0,100,0,0,0,0,0,24,0,0,0,0,0,3,51,0,0,0,0,0,0,0,0,0,0,0,0,0,0,0,0,0,11,0,0,8,0,0,0,0,48,0,9,0,3,0,0,0,0,0,7,50,0,4,0,0,0,0,0,0,7,0,0,1,0,0,17,0,38,0,0,0,0,7,0,0,0,48,0,0,0,0,0,1,0,19,0,0,0,0,0,3,0,0,0,0,0,0,0,0,0,0,0,0,0,46,50,0,0,0,0,0,0,0,0,26,0,0,0,0,0,0,0,0,48,0,0,0,0,0,1,2,0,0,0,0,0,0,0,0,0,0,0,0,0,0,0,0,0,0,0,0,0,0,0,0,34,0,0,0,0,0,2,0,0,0,0,0,0,0,7,0,0,0,0,0,0,0,0,0,0,0,10,0,0,0,0,0,0,0,0,0,0,0,0,0,2,0,0,0,0,2,0,0,0,0,0,0,0,0,0,0,0,0,0,0,0,0,0,0,0,0,0,0,0,0,0,0,0,0,0,0,0,0,0,0,25,0,0,0,0,0,0,0,0,0,0,0,0,0,103,0,0,0,0,0,0,0,0,0,1,0,0
RJB23,4891,0,16,0,360,0,1,0,0,0,10,3620,0,115,0,0,0,20,9,0,1,90,0,0,83,18,0,3,25,0,0,0,0,0,0,0,1,0,0,1,0,11,0,0,0,0,0,0,52,32,0,0,0,0,0,7,0,20,0,0,0,14,1,0,0,0,0,15,27,0,0,0,4,0,0,0,0,0,0,0,5,0,0,0,0,17,0,19,0,0,0,18,0,0,0,0,2,0,0,1,12,0,0,0,0,0,0,0,0,0,0,0,0,0,0,0,0,0,19,1,0,0,0,0,16,0,0,1,0,0,0,0,0,0,1,0,5,0,0,0,0,0,0,0,0,0,0,3,0,13,0,0,0,0,0,0,0,0,0,0,0,0,7,0,0,0,0,0,3,3,0,0,0,0,0,0,0,0,0,0,0,0,0,0,0,0,0,0,0,0,0,2,0,0,0,0,0,1,0,0,0,0,0,0,0,0,0,0,0,0,0,0,0,1,0,0,0,0,0,0,2,0,0,0,0,0,0,0,0,0,0,0,0,0,0,0,0,0,0,0,0,0,13,0,0,0,0,0,0,1,0,8,0,1,7,0,0,0,0,0,0,0,0,0,0,6,0,0,0,0,0,7,0,0,0,0,0,0,0,0,0,0,0,0,0,1,7,0,3,0,0,0,0,0,0,0,0,0,0,0,0,0,0,6,0,5,0,0,0,0,0,0,0,0,0,0,0,0,0,0,0,0,0,0,0,0,1,0,0,0,0,0,0,0,0,0,5,0,0,0,0,1,0,0,0,0,0,0,0,3,0,0,0,0,0,0,0,0,0,0,0,0,0,0,0,0,0,0,0,0,12,0,0,0,0,0,0,0,0,1,0,0
FT66,4531,2558,9,7,43,12,41,22,30,14,1374,1,0,15,0,510,60,50,11,0,0,6,0,0,23,28,0,6,0,0,0,1,0,10,0,3,1,0,3,0,6,12,14,0,7,0,3,0,4,8,0,0,9,2,0,3,4,0,0,0,0,0,0,0,0,0,9,0,6,0,0,2,7,0,0,8,0,3,5,0,3,0,0,0,0,2,0,1,7,1,0,0,0,0,4,3,0,0,4,0,0,0,0,0,0,0,8,0,0,1,3,5,0,0,0,1,0,0,4,0,0,0,0,0,0,0,0,0,4,0,0,0,0,0,0,2,0,0,1,4,0,0,0,0,0,1,0,0,0,9,0,0,0,0,0,0,0,0,8,0,0,0,0,1,3,0,6,1,1,0,0,0,1,0,0,0,0,0,0,0,0,0,2,0,0,0,0,0,0,3,0,3,1,0,0,0,0,1,0,9,5,0,0,4,0,0,0,0,0,1,0,0,0,0,2,0,0,0,0,0,0,0,0,0,0,0,0,0,0,0,0,0,1,0,0,0,0,0,0,0,18,0,2,1,0,0,0,10,0,0,0,5,0,0,0,0,0,0,2,0,4,2,0,0,0,0,0,0,0,9,0,0,0,8,0,0,0,0,0,0,0,0,0,1,0,0,0,0,0,0,5,0,0,0,0,0,0,0,0,0,0,0,0,0,0,0,0,0,0,6,0,0,4,0,0,0,0,0,0,0,0,1,0,0,0,0,0,9,0,0,2,0,6,0,0,0,0,0,0,0,0,0,0,0,0,0,0,0,0,0,0,0,0,0,0,0,8,0,0,0,0,0,2,0,0,0,0,0,0,0,0,0,0,0,2,0,0,0,0,0,0,0
062NY,5,1,6,24,15,54,0,0,0,2,0,0,3,0,0,0,15,0,16,0,0,3,3,0,0,0,0,0,0,0,0,1,0,0,0,0,0,0,0,4,2,0,0,0,0,0,0,0,0,0,1,7,0,0,2,0,0,0,0,0,0,9,0,0,4,14,0,0,0,0,6,0,0,2,0,0,5,0,0,138,0,558,0,1,5,0,0,0,0,0,4,0,0,0,0,21,0,0,1,0,0,0,0,46,34,0,0,0,0,0,0,0,0,0,0,0,0,261,0,0,12,164,0,0,0,328,1,0,0,0,0,106,11,0,0,0,0,0,0,0,0,0,213,0,0,0,0,0,0,0,0,0,4,2,0,0,0,185,0,0,0,9,0,0,0,0,0,0,0,0,0,0,1,0,0,0,0,0,0,0,0,0,0,0,0,0,0,0,0,0,0,0,0,0,0,0,0,1,0,0,0,0,1,0,0,0,71,0,181,0,0,0,0,0,0,0,0,0,0,0,0,0,0,0,0,0,0,0,0,0,0,0,0,0,0,164,163,0,0,0,0,0,0,0,0,0,0,0,0,2,0,0,0,0,0,1,0,130,0,122,0,0,15,113,0,0,0,0,0,0,0,0,0,0,0,0,0,0,76,0,0,6,0,0,0,0,0,0,0,0,0,0,0,0,0,0,0,0,0,0,0,0,0,0,0,0,1,0,0,0,0,0,0,0,0,0,4,37,0,0,1,0,89,0,0,99,0,0,0,0,0,0,0,24,0,26,0,62,15,0,0,0,0,0,0,0,0,0,0,0,0,0,42,0,0,0,0,11,0,0,54,0,0,26,0,0,0,0,0,0,0,0,0,0,0,0,0,0,66,0,0,0
DR12GF,9455,0,4,0,1,0,0,0,0,1,18,0,0,1,0,0,0,56,0,0,0,0,8,0,0,41,0,0,0,0,0,0,0,0,2,0,0,1,2,0,0,25,11,0,0,0,0,0,0,0,0,1,1,0,0,0,0,0,0,0,0,0,0,0,0,0,0,0,0,0,0,0,0,0,0,0,2,0,42,0,0,0,0,0,0,0,1,0,0,0,0,0,0,0,0,0,5,0,0,0,2,8,14,0,0,0,0,0,0,0,0,0,0,0,0,0,0,0,0,0,0,0,0,0,0,0,0,3,0,0,4,0,0,0,0,0,0,0,0,0,0,0,0,0,0,0,0,0,0,0,0,0,0,0,0,0,0,0,1,0,0,0,0,0,0,0,0,0,1,0,0,0,0,0,0,0,0,0,0,0,0,0,0,0,0,0,0,0,0,0,0,0,0,0,0,0,0,0,0,0,0,0,0,0,0,0,0,0,0,0,0,0,0,0,0,0,0,0,2,0,0,0,0,0,0,0,0,0,0,0,0,0,0,0,0,0,0,0,0,0,0,0,0,0,0,0,0,0,4,0,0,0,0,0,0,0,0,0,0,0,0,0,0,0,0,0,0,0,0,0,0,0,0,0,0,0,0,0,0,0,0,0,0,0,0,0,0,0,0,0,0,0,0,0,0,0,0,0,0,0,0,0,0,0,0,0,0,0,0,2,0,0,0,0,0,0,0,0,1,0,0,0,0,0,0,0,0,0,0,0,0,0,0,0,0,0,0,0,0,0,0,0,0,0,0,0,0,0,0,0,0,0,0,0,0,0,0,0,0,0,0,0,0,0,0,0,0,2,0,0,0,0,0,0,0,0,0,0,0,0,0,0
HAL03.02,9503,2,3,0,15,0,0,2,5,1,12,0,0,6,0,1,0,65,6,0,0,3,4,0,6,37,6,2,0,0,0,0,0,1,2,1,0,11,0,0,2,18,0,0,2,0,0,0,7,0,9,0,0,0,3,0,0,0,0,0,0,2,0,0,0,0,0,1,0,4,0,0,0,0,0,0,5,0,0,0,0,0,0,0,0,0,0,0,0,0,0,0,0,14,0,0,0,0,0,0,0,0,0,0,0,0,0,0,3,0,0,0,0,0,0,0,4,0,0,0,0,0,0,0,0,0,0,2,0,0,0,0,0,0,0,0,0,0,0,0,0,0,0,0,0,0,0,0,0,0,0,0,0,0,0,0,0,0,1,0,0,1,0,0,0,0,0,0,0,0,0,0,0,0,0,0,0,0,6,2,2,0,0,0,0,0,0,0,0,0,0,0,1,0,0,0,0,1,0,0,0,0,0,2,0,0,0,0,0,1,0,0,0,0,0,0,0,0,0,0,0,0,0,0,1,0,0,0,0,0,0,0,0,0,0,0,0,0,0,0,0,0,0,9,0,0,0,0,17,0,4,0,3,0,0,0,0,0,0,0,0,0,0,0,0,0,0,0,0,0,0,0,0,0,0,0,0,0,0,0,0,0,0,0,0,0,0,0,1,0,0,0,0,0,0,0,0,0,0,0,0,0,0,0,0,0,0,0,0,0,2,0,0,0,0,0,0,0,0,0,0,0,0,0,0,0,0,0,0,2,0,0,0,0,0,0,0,0,0,0,0,0,0,0,0,0,0,0,0,0,0,0,0,0,0,0,0,0,0,0,0,0,0,0,0,0,0,0,0,0,0,2,0,0,0,0,0,0,0,0,0,0
RJB44,4808,1,3,1,210,0,0,0,3681,0,7,0,0,47,0,1,0,15,0,0,0,40,0,0,41,22,0,63,0,0,1,0,0,13,0,6,0,0,0,0,0,6,0,0,0,0,0,0,20,44,1,8,0,2,0,0,0,17,31,0,0,0,8,0,0,0,0,7,52,0,0,0,16,0,0,53,0,5,0,0,0,0,0,0,0,37,0,1,0,0,0,0,0,0,0,0,27,0,0,9,11,0,0,0,0,0,0,0,0,0,0,0,0,0,0,0,0,4,0,0,0,0,0,0,4,0,0,6,0,0,0,0,0,0,0,0,0,0,0,0,0,0,0,1,7,0,0,0,0,0,1,0,5,0,0,0,0,0,1,0,0,0,0,0,0,0,0,32,10,0,0,0,0,0,0,0,0,0,0,0,0,0,0,0,1,0,0,0,0,0,0,13,0,0,0,0,0,0,0,0,120,0,0,0,0,0,0,0,0,0,0,0,0,0,0,0,0,0,0,0,0,0,0,0,0,0,0,0,0,0,0,0,0,0,0,0,0,0,0,0,0,0,0,0,0,0,0,0,0,0,0,0,0,4,2,0,0,0,0,0,0,0,0,0,0,0,0,0,0,0,0,0,0,0,0,0,0,0,0,0,0,0,0,0,0,0,9,0,0,0,0,0,0,0,0,0,0,0,0,0,0,0,0,2,0,0,0,0,0,0,0,36,0,0,0,0,0,0,0,0,0,0,0,0,0,0,0,0,0,0,0,0,0,0,0,0,0,0,0,0,0,20,0,0,0,0,0,0,0,0,0,0,0,0,0,0,0,0,9,0,0,0,0,0,0,0,0,8,0,0,0,0,0,0,0,0,0,0,0,0,0,0
RJB02,8821,1,1,0,4,0,0,0,0,0,10,0,0,1,0,0,0,48,42,0,1,0,7,0,0,39,0,0,0,0,4,0,0,0,0,4,0,0,1,0,0,34,0,0,0,0,0,11,0,0,0,5,3,0,0,0,0,0,0,0,0,26,0,0,0,1,0,0,0,0,0,29,3,0,0,0,0,0,0,0,0,0,0,0,0,0,0,0,0,9,0,0,0,0,0,0,0,0,0,0,0,0,0,0,0,0,0,0,0,0,0,0,0,0,0,0,0,0,0,0,0,0,0,0,0,0,0,0,0,0,0,0,0,0,0,0,0,0,0,0,0,0,0,0,25,0,0,0,0,0,0,0,0,1,0,0,0,0,0,4,0,0,0,0,0,0,0,0,0,0,0,0,0,0,0,0,0,0,20,0,0,86,0,0,0,0,2,0,0,0,0,0,2,0,0,0,0,3,0,0,0,0,0,1,0,0,0,10,0,0,0,0,0,0,0,0,0,0,0,0,0,0,1,0,0,0,0,0,0,0,0,0,0,2,0,0,0,0,0,0,0,16,0,0,1,0,0,0,0,7,21,0,0,0,0,0,0,0,0,0,0,0,0,0,0,0,0,0,0,0,0,0,0,0,0,0,0,0,0,0,0,22,0,0,0,0,0,0,0,0,0,0,0,0,0,0,0,0,0,0,0,0,0,0,0,0,0,59,0,0,0,0,0,0,0,0,0,0,0,0,0,0,0,0,0,0,1,0,0,2,13,0,0,0,0,0,0,0,0,0,0,0,0,0,0,0,0,0,0,0,0,0,0,83,0,0,0,0,0,0,0,0,0,0,0,0,0,0,0,0,0,1,0,0,0,0,0,0,0,0,0,0
RJB09,851,3,1,0,0,0,0,26,24,0,2,0,0,0,3389,0,0,5,0,0,0,0,10,0,0,2,0,114,0,0,0,0,0,0,0,69,0,0,0,0,0,1,0,0,0,0,0,0,0,0,0,56,271,0,0,18,0,0,0,0,0,0,0,678,0,372,0,0,0,0,0,0,51,135,0,0,0,0,0,0,0,0,0,0,0,0,1,0,0,0,0,0,0,0,0,0,0,0,0,20,0,0,0,0,0,0,0,0,0,0,0,0,0,0,0,0,0,0,0,85,0,0,0,0,0,0,0,0,0,0,0,0,0,0,0,0,0,0,0,0,0,0,0,4,0,0,0,0,0,0,0,0,0,1,0,148,0,0,0,0,0,0,3,0,0,0,0,0,41,0,0,0,196,0,0,226,0,0,0,0,0,0,0,0,0,0,0,0,0,0,0,15,1,0,0,202,0,0,0,0,0,0,0,9,0,0,0,0,0,0,0,169,0,0,0,0,0,0,0,0,0,0,0,0,0,0,7,0,0,83,0,0,0,0,0,0,0,0,0,0,0,0,0,0,0,0,0,0,0,0,0,0,0,0,0,84,0,0,0,0,0,0,0,0,0,0,0,0,0,0,0,0,0,0,114,0,141,0,0,0,0,0,0,0,0,88,0,0,0,0,0,0,0,0,0,78,0,0,0,0,0,0,0,0,0,0,49,0,0,0,0,0,0,0,47,0,0,0,0,0,0,0,0,42,0,0,32,0,0,0,0,0,0,0,0,0,0,0,0,114,0,0,32,0,0,0,0,0,0,0,0,61,0,0,0,0,0,0,0,0,0,75,0,0,105,0,0,0,0,0,0,0,99,0,0,0,0,0,0,0,0,0
RJB11,2273,3,1,0,1041,0,0,0,1348,0,3,0,0,401,0,0,0,17,83,0,0,226,6,0,268,11,0,22,0,0,0,0,0,33,0,33,0,0,0,0,0,2,0,0,0,100,0,0,163,116,0,6,25,0,0,58,0,65,0,0,0,18,734,0,0,24,0,113,115,0,0,0,15,7,0,49,0,0,0,0,23,0,0,0,0,75,0,3,0,21,0,54,0,0,0,1,7,0,0,6,88,13,0,0,0,0,45,0,0,0,0,0,0,0,0,0,0,0,11,8,0,0,0,0,45,0,0,0,0,0,0,0,0,1,38,3,0,0,0,0,0,0,0,26,0,33,0,0,0,0,0,0,1,0,0,0,0,0,0,0,0,25,0,0,0,0,0,80,3,141,0,0,0,0,0,0,0,0,0,0,0,0,0,0,0,0,0,0,0,0,0,2,0,0,0,0,0,4,0,0,0,0,0,78,0,0,0,0,0,0,0,0,0,11,0,0,0,0,0,0,0,1,0,0,0,0,0,0,0,9,0,0,0,0,2,0,0,0,0,0,0,0,45,0,0,0,0,0,0,6,0,1,0,0,22,0,0,0,25,0,0,0,0,0,0,15,0,0,0,0,25,15,0,0,0,0,0,0,0,0,0,0,0,0,50,14,24,0,15,0,0,0,0,0,0,0,0,0,0,0,0,0,0,11,0,17,0,0,0,17,0,37,0,0,0,0,0,0,0,2,1,0,0,0,0,0,0,0,0,0,0,0,0,0,0,0,20,0,0,0,0,33,0,12,0,0,0,0,0,0,0,0,0,0,0,0,0,0,0,0,0,0,0,0,0,0,0,7,0,0,32,0,0,0,0,0,0,0,0,0,0,0
RJB20,9063,3,1,1,1,0,37,145,0,3,14,0,0,0,0,0,7,51,11,0,0,0,1,0,4,42,0,6,0,0,2,0,0,1,13,0,0,0,1,0,0,28,21,0,29,0,0,0,0,0,0,0,4,7,0,0,0,0,3,0,0,3,0,0,0,0,4,0,0,0,0,0,1,2,0,0,0,0,0,0,3,0,0,0,0,0,0,0,1,0,0,0,0,0,1,0,3,0,0,7,0,0,0,0,0,0,1,0,25,2,0,0,0,0,0,0,0,0,1,0,0,2,0,0,0,0,0,0,1,0,0,0,0,0,0,7,0,5,0,6,0,7,0,0,0,0,0,0,0,0,0,0,0,0,0,0,0,0,1,0,0,0,0,0,0,0,0,0,0,0,0,0,0,10,0,0,0,0,0,5,16,0,0,0,0,0,0,0,12,0,0,0,0,0,25,0,0,0,0,0,0,0,0,0,0,0,0,0,0,0,0,2,0,0,1,0,0,0,0,0,0,2,0,0,2,0,0,0,2,0,0,0,0,0,0,0,0,0,0,0,0,0,0,0,0,0,0,0,0,0,0,0,0,0,0,0,0,0,0,0,0,0,0,0,0,0,0,0,0,0,0,0,0,0,0,0,0,0,0,0,0,5,2,0,2,0,0,0,0,0,0,0,2,0,0,0,0,0,0,0,0,0,0,0,0,1,6,0,0,0,0,0,0,0,0,0,0,0,0,0,0,0,5,0,0,0,0,0,0,0,0,0,0,0,0,0,0,0,0,0,0,0,0,0,0,4,0,0,0,0,0,0,0,0,0,0,0,0,0,0,0,0,0,0,0,0,2,0,0,0,0,0,0,0,0,0,2,0,0,0,0,0
RJB27,9324,1,1,0,157,0,0,0,0,35,18,0,0,0,0,0,0,80,0,0,0,4,6,0,0,43,0,2,0,0,0,0,0,0,0,0,0,0,39,0,0,18,0,0,0,0,0,0,0,0,0,6,0,0,0,0,0,13,0,0,0,18,0,0,0,0,0,0,19,0,0,0,0,0,0,0,0,0,0,0,0,0,0,0,0,0,0,0,0,0,0,0,0,0,0,0,0,0,0,0,1,0,0,0,0,0,0,0,0,0,0,0,0,0,0,0,0,0,0,86,1,0,0,0,0,0,0,0,0,0,0,0,0,0,0,0,0,0,0,0,0,0,0,0,0,0,0,0,0,0,0,0,0,0,0,0,0,0,0,1,0,0,0,0,0,0,0,0,0,0,0,0,0,0,0,0,0,0,0,0,0,0,0,0,0,0,0,0,0,0,0,1,0,0,0,0,0,0,0,0,0,0,0,0,0,0,0,0,0,0,0,0,0,0,0,0,0,0,0,0,0,8,0,0,0,0,0,0,0,0,0,0,0,0,0,0,0,0,0,0,0,0,0,0,0,0,0,0,0,1,0,0,0,0,0,0,0,0,0,0,0,0,0,0,0,0,0,0,0,0,0,0,0,0,0,0,0,0,0,0,0,0,0,0,0,0,0,0,0,0,0,0,0,0,0,0,0,0,0,0,0,0,0,0,0,0,0,0,0,0,0,0,0,0,0,0,11,0,0,0,0,0,0,0,0,0,0,0,0,0,0,0,0,0,0,0,0,0,0,0,0,0,0,0,0,0,0,0,0,0,0,0,0,0,0,0,0,0,0,0,0,0,0,0,0,0,0,0,0,0,0,0,0,0,0,0,0,0,0,0,0,0
DR14GF,8457,1,1,0,3,0,0,1,0,14,16,0,0,0,0,0,0,29,0,0,0,0,6,7,0,34,0,0,0,0,0,0,1,0,40,0,0,120,0,0,177,34,124,0,0,0,0,0,0,2,1,29,0,0,0,0,0,0,0,0,0,5,0,0,0,0,0,0,0,0,0,0,14,96,0,0,0,0,52,0,0,0,0,0,0,0,0,0,0,14,0,0,0,0,0,0,0,0,0,0,0,1,0,0,0,1,5,0,0,0,0,0,0,0,0,0,0,0,0,0,0,8,0,0,0,0,0,0,6,0,0,0,0,0,0,0,0,0,0,0,0,0,0,0,0,0,0,0,12,0,0,0,0,1,0,0,63,0,2,1,0,2,0,0,0,0,0,0,0,0,0,0,0,0,0,0,0,0,0,0,0,0,0,0,0,0,0,0,12,0,0,0,0,0,0,0,0,0,0,0,14,0,0,0,0,0,0,0,0,0,0,0,0,0,0,0,0,0,0,0,0,0,0,0,0,0,0,0,0,0,0,0,0,0,0,0,0,0,0,25,0,0,1,0,0,0,0,0,0,1,0,0,13,0,0,0,0,0,0,0,0,0,0,0,0,0,0,0,0,0,0,0,0,0,21,0,0,0,0,0,0,0,0,0,0,0,0,0,0,0,0,0,0,0,0,0,0,0,0,0,0,0,0,0,0,0,0,0,8,0,0,3,0,0,0,0,0,0,0,0,0,0,0,0,0,0,0,0,0,0,0,0,0,0,0,0,0,0,0,0,0,0,0,28,0,0,0,0,0,0,0,0,0,0,0,0,0,0,0,0,0,0,0,0,0,0,0,0,0,0,0,0,0,0,0,0,0,0,0,0,0,0
DR17GF,9411,2,1,0,5,0,0,0,0,0,27,0,0,2,0,0,0,49,0,0,0,0,12,0,1,39,0,0,0,0,1,0,4,1,0,4,5,1,4,0,5,23,60,0,0,0,0,0,1,0,1,48,1,0,0,0,0,0,0,0,0,0,0,0,0,0,0,0,0,0,0,0,0,0,0,0,0,0,16,0,0,0,0,0,0,0,0,0,0,7,0,0,0,0,0,0,0,0,0,0,0,7,3,0,0,0,0,0,0,0,0,0,0,0,0,0,0,0,0,0,1,0,0,0,0,0,0,0,0,0,0,0,0,1,0,0,0,0,0,59,0,0,0,0,0,0,0,0,5,1,0,0,0,0,0,0,20,0,0,0,0,0,0,0,0,0,0,0,2,0,0,0,0,0,0,0,0,0,0,0,0,0,0,0,0,0,0,0,1,0,0,1,0,0,0,0,0,0,0,0,0,0,0,0,1,0,0,0,0,0,0,0,0,0,0,0,0,0,0,0,0,0,0,0,0,0,0,0,0,0,0,0,0,0,0,0,0,0,0,0,0,0,0,0,0,0,0,0,4,0,0,0,0,0,0,0,0,0,0,0,3,0,0,0,0,0,0,0,0,0,0,0,0,0,0,0,0,0,0,0,0,0,0,0,0,0,0,0,0,0,0,0,0,0,0,0,0,0,0,0,0,0,0,0,0,0,0,0,9,0,0,0,0,0,0,0,0,0,0,0,0,0,0,0,0,0,0,0,0,0,0,0,0,0,0,0,0,0,0,0,0,0,0,3,0,0,0,0,0,0,0,0,0,0,0,0,0,0,0,0,0,0,0,0,0,0,0,0,0,0,0,0,0,0,0,0,0,0,0,5,0,0
DR19GF,9320,2,1,0,1,0,0,0,0,1,33,0,0,0,0,0,18,38,0,0,0,0,4,0,0,51,0,0,0,0,0,0,0,0,0,0,0,1,0,0,2,18,6,0,0,0,0,0,0,4,1,0,0,0,0,0,1,0,0,0,0,0,0,0,0,0,0,0,0,0,0,0,4,6,0,0,0,0,26,0,1,0,0,0,0,0,1,0,0,0,0,0,0,1,0,0,2,0,0,0,0,0,0,0,0,0,0,0,0,0,0,0,0,0,0,0,0,0,0,0,0,0,2,11,0,0,1,20,0,0,11,0,0,0,0,0,0,0,0,0,0,0,0,0,0,0,0,0,26,0,0,0,0,0,0,0,0,0,0,1,0,0,0,0,0,0,0,0,0,0,1,0,0,0,0,0,0,0,0,0,0,0,0,0,0,0,0,0,0,0,0,0,1,0,0,0,0,0,0,0,0,0,0,5,0,0,0,0,0,0,0,0,0,0,0,0,0,0,0,0,0,0,0,0,1,0,0,0,0,0,0,0,0,0,0,0,0,0,0,0,0,0,0,0,0,0,0,0,0,0,0,0,1,0,0,0,0,0,0,0,0,0,0,0,0,0,0,0,0,0,0,0,9,0,0,0,0,0,0,0,0,0,10,0,0,0,0,0,0,0,0,0,0,0,0,0,0,0,0,0,0,0,0,0,0,0,0,0,0,1,0,0,0,0,0,0,0,0,0,0,0,0,0,0,0,0,0,0,0,0,0,0,0,0,0,0,0,0,0,0,0,0,0,0,0,0,0,1,0,0,0,0,0,0,0,0,0,0,0,0,0,0,0,0,0,0,0,0,0,0,0,0,0,0,0,0,0,0,0,0,0,0
DR21GF,9392,0,1,0,27,0,1,0,0,16,17,0,0,9,0,0,1,70,0,0,0,0,0,0,5,41,0,0,0,0,0,0,0,0,27,5,0,0,0,0,3,24,0,0,0,0,0,0,5,0,0,1,0,0,0,9,0,5,0,0,0,0,0,0,0,0,0,0,0,0,0,0,2,0,0,0,3,0,31,0,0,0,0,0,0,0,0,0,0,6,0,0,0,0,0,0,7,0,4,0,0,0,0,0,0,0,0,0,0,0,0,0,0,0,0,0,0,0,1,0,0,0,0,0,1,0,0,0,0,0,0,0,0,0,0,0,11,0,0,0,0,0,0,0,0,0,0,0,0,0,0,0,3,0,0,0,0,0,0,0,0,0,0,0,0,0,0,0,0,0,0,0,0,0,0,0,0,0,0,0,0,0,0,0,0,0,0,0,0,0,0,0,0,0,0,0,0,0,0,0,0,0,0,0,0,0,0,0,0,0,0,0,0,0,8,0,0,0,0,0,0,0,0,0,0,0,0,0,0,0,0,0,0,0,0,0,0,0,0,0,0,0,0,0,0,0,0,0,0,0,0,0,0,0,1,0,0,0,0,0,0,0,0,0,0,0,0,0,0,0,0,0,0,0,0,0,0,0,0,0,2,0,0,0,0,0,0,0,0,1,0,0,0,0,0,3,0,0,0,0,0,0,0,0,0,0,0,0,0,3,0,0,0,0,0,0,0,0,0,0,0,0,0,0,0,0,0,0,0,1,0,0,0,0,0,0,0,0,0,0,0,0,6,0,0,0,0,0,0,0,0,0,0,0,0,0,0,0,0,0,0,0,0,0,0,0,0,8,0,0,0,0,0,0,0,0,0,0,0,0,0,0
Ixs03,1244,8405,1,0,3,0,1,0,0,6,1,0,0,2,0,0,0,4,0,0,0,4,1,0,1,9,0,5,0,0,1,0,0,0,0,0,0,0,0,0,0,9,0,0,0,0,0,0,1,0,0,2,0,0,0,1,1,0,0,0,0,0,0,0,0,0,0,0,0,0,0,0,0,1,0,0,2,6,0,0,0,0,0,1,0,0,0,0,0,0,0,0,0,0,0,0,0,0,0,0,0,0,0,0,0,0,0,0,0,0,26,19,0,0,0,0,0,0,0,4,0,0,0,0,0,0,0,0,0,0,0,0,0,0,0,0,0,0,0,0,0,0,0,0,0,3,0,0,0,0,0,0,1,0,1,0,0,0,37,0,0,3,2,0,0,0,17,0,0,0,0,0,0,0,0,0,1,0,0,0,0,0,0,0,0,0,6,0,0,12,0,0,1,0,0,0,0,0,0,0,0,0,0,0,0,0,0,0,0,0,0,0,0,0,0,0,0,0,0,0,0,0,0,0,0,2,0,0,0,0,0,0,0,0,0,0,0,0,0,0,10,0,0,0,0,0,0,0,0,0,0,0,0,0,0,0,0,0,0,0,0,0,0,0,0,0,0,0,0,3,0,0,0,0,0,0,0,0,0,0,0,0,0,0,0,0,0,0,0,0,0,0,0,0,0,0,0,0,0,0,0,0,0,0,2,0,0,0,0,0,0,0,0,0,0,0,0,0,0,0,0,0,0,0,0,0,3,0,0,0,0,0,0,0,0,0,0,0,0,0,0,0,0,0,0,0,0,0,0,0,0,0,0,0,0,0,0,0,0,2,0,0,0,0,0,0,0,0,0,0,0,0,0,0,0,0,0,0,0,0,0,0
Ixs06,96,9431,1,0,0,1,0,0,0,0,0,0,0,0,0,0,0,1,0,0,0,0,2,0,0,1,0,0,0,0,0,0,0,0,0,0,0,0,0,0,0,0,0,0,0,0,0,0,0,0,0,0,0,0,0,0,13,0,0,0,0,1,0,0,0,0,0,0,0,0,0,0,0,0,0,0,1,0,0,0,0,0,0,0,0,0,0,0,0,91,0,0,0,0,0,0,0,0,0,0,0,0,0,0,0,0,0,0,0,0,22,25,0,0,0,0,0,0,0,0,0,0,0,0,0,0,0,0,0,0,0,0,0,0,0,0,0,0,0,0,0,0,0,0,0,0,0,0,0,0,0,0,1,0,0,0,0,0,0,0,0,40,0,0,0,0,21,0,0,0,0,0,0,0,0,0,0,0,0,0,0,0,0,0,0,0,0,0,0,14,0,0,0,0,0,0,0,0,0,0,0,0,0,0,0,0,0,0,0,0,0,0,0,0,0,0,0,0,0,0,0,0,0,0,0,0,0,0,0,0,0,0,0,0,0,0,0,0,0,0,0,0,0,0,0,0,0,0,0,0,0,0,0,0,0,0,0,0,0,0,0,0,0,0,0,0,0,0,0,0,0,0,0,0,0,0,0,0,0,0,0,0,0,0,0,0,0,0,0,0,0,0,0,0,0,0,0,0,0,0,0,0,0,0,1,0,0,0,0,0,0,0,0,0,0,0,0,0,0,0,0,0,0,0,0,0,0,0,0,0,0,0,0,0,0,0,0,0,0,0,0,0,0,0,0,0,0,0,0,0,0,0,0,0,0,0,0,0,0,0,0,0,0,0,0,0,0,0,0,0,0,0,0,0,0,0,0,0,0,0,0,71
Ixs07,4,9650,1,0,10,0,0,0,0,19,0,0,0,3,0,0,0,0,0,0,0,0,3,0,4,0,0,0,0,0,0,0,0,0,0,0,0,0,0,0,0,0,0,0,0,0,0,0,0,0,0,0,0,0,0,0,26,0,0,0,0,7,0,0,0,0,0,2,0,0,0,0,0,0,0,0,0,0,0,0,0,0,0,0,0,0,0,0,0,0,0,4,0,0,0,0,11,0,1,0,0,0,0,0,0,0,0,0,0,0,26,32,0,0,0,0,0,0,0,0,1,0,0,0,0,0,0,0,0,0,0,0,0,0,0,0,0,0,0,0,0,0,0,0,0,0,0,0,0,0,0,0,3,0,0,0,0,0,0,0,0,0,7,0,0,0,17,0,0,0,0,0,0,0,0,0,0,0,0,0,0,0,0,0,0,0,0,0,0,21,0,0,0,0,0,0,0,0,0,0,0,0,0,0,0,0,0,0,0,0,0,0,0,0,0,0,0,0,0,0,0,0,0,0,0,0,0,0,0,0,0,0,0,0,1,0,0,0,0,0,0,0,0,0,5,0,0,0,0,1,0,0,0,0,0,0,0,0,1,0,0,0,0,0,0,0,0,0,0,0,0,0,0,0,0,0,0,0,0,0,0,3,0,0,0,0,0,0,0,0,0,0,0,0,0,0,0,0,0,0,0,0,0,0,1,0,0,0,0,0,0,0,0,0,0,0,1,0,0,0,0,0,0,0,0,0,0,0,0,0,0,0,0,0,0,0,0,0,0,0,0,0,0,0,0,0,0,0,0,0,0,0,0,0,0,0,0,0,0,0,0,0,0,0,0,0,0,0,0,0,0,0,0,0,0,0,0,0,0,0,0,0
Ixs104,1343,8196,1,14,1,11,6,2,0,20,0,0,0,0,0,0,0,12,0,0,0,1,0,0,4,5,0,11,0,0,1,1,0,15,8,1,1,0,0,0,4,6,5,0,2,0,0,0,0,0,1,1,6,0,0,4,1,0,0,0,0,2,0,0,0,0,0,1,0,0,2,0,1,0,0,0,0,0,0,3,0,0,0,1,0,0,0,0,0,0,0,0,0,0,0,0,2,0,0,0,1,16,0,0,0,0,0,0,0,1,23,19,1,1,0,0,0,0,0,0,0,0,0,0,0,0,0,0,0,0,0,0,0,0,0,0,3,0,6,0,0,2,0,0,2,1,0,2,0,0,0,0,0,0,0,0,0,0,20,0,0,1,6,0,0,0,22,0,0,0,0,0,0,0,0,0,0,0,0,0,0,0,0,0,0,0,0,0,0,8,0,1,1,0,0,0,0,0,0,0,0,0,1,0,0,0,0,0,0,0,0,0,0,0,0,0,0,2,0,0,0,0,0,0,0,0,0,0,2,0,0,0,0,0,0,0,0,0,0,0,10,0,0,0,0,0,0,0,0,2,0,0,0,0,0,0,0,0,0,0,0,0,0,0,0,0,0,0,1,0,2,0,0,0,0,0,0,0,0,0,2,0,0,0,0,0,1,0,0,0,0,0,0,0,0,0,0,0,0,0,0,0,0,0,0,0,0,0,0,0,0,0,5,0,0,0,0,0,0,0,0,0,0,0,0,0,0,0,0,1,0,0,0,0,0,0,0,0,0,0,0,0,0,0,0,0,0,0,0,0,0,0,0,0,2,0,0,3,0,0,0,0,0,0,0,0,0,0,0,0,0,0,0,0,0,0,0,0,0,0,0,0
Ixs109,1275,8146,1,17,19,8,1,0,0,19,2,0,0,3,0,0,0,7,0,0,0,0,0,10,0,1,0,4,0,0,1,0,0,3,2,0,0,0,0,0,0,3,0,0,3,0,0,0,0,0,0,3,0,0,0,0,18,0,0,0,0,3,0,0,0,0,0,2,0,0,0,0,0,0,0,0,0,0,0,0,2,0,0,0,7,0,0,0,0,0,0,0,0,0,0,0,2,0,0,1,0,1,0,0,0,0,0,0,0,0,21,27,0,0,0,0,0,0,0,0,0,6,0,0,1,0,0,0,11,0,0,0,0,0,7,0,0,0,0,0,0,0,0,0,6,0,0,0,0,0,0,0,0,0,0,0,0,0,17,1,0,0,7,0,0,0,31,0,0,1,0,0,0,0,0,0,0,0,0,0,0,0,0,0,0,0,0,0,0,12,0,1,0,0,0,0,0,0,0,0,0,0,0,0,0,0,0,0,1,0,0,0,0,0,0,0,0,0,0,1,0,1,0,0,0,1,0,0,0,0,0,0,0,0,3,0,0,0,0,1,6,0,0,1,0,0,0,0,0,1,0,0,0,0,0,0,0,0,0,0,0,0,0,0,0,0,0,0,0,0,0,0,0,0,0,0,0,0,0,0,6,0,0,0,0,0,0,0,0,0,0,0,0,0,0,0,0,0,2,0,0,0,0,1,8,0,0,0,0,0,0,0,0,0,0,0,0,0,0,0,0,0,0,0,0,0,0,0,0,0,0,0,0,0,0,0,0,0,0,0,6,0,0,0,0,0,0,1,0,0,0,0,0,0,0,0,0,0,18,0,0,0,0,0,0,0,0,0,0,0,0,0,0,0,0,0,0,0,0,0,0,0
HAL02.01,8439,3,0,0,9,0,0,0,0,2,14,0,0,5,0,1,0,29,0,0,0,7,2,0,20,23,0,0,0,0,0,0,0,2,0,0,0,0,37,0,2,18,0,0,0,50,0,0,4,0,0,1,2,0,0,0,0,0,0,0,0,0,0,6,0,0,0,2,0,0,0,0,10,5,0,0,26,0,0,0,6,0,0,0,0,0,0,0,0,0,0,0,0,246,0,0,0,0,242,1,0,0,0,0,0,0,0,188,0,0,0,0,0,5,0,0,0,0,0,0,0,0,0,0,2,0,0,3,5,1,1,0,0,0,0,0,0,0,0,0,0,2,0,6,15,2,0,0,0,1,0,0,0,0,0,0,0,0,5,0,0,3,0,0,0,0,0,0,0,1,0,0,0,0,0,0,0,0,0,0,0,0,0,0,0,0,0,0,0,0,0,0,0,0,0,0,0,0,0,0,0,58,0,11,0,0,0,0,0,0,0,0,0,0,0,0,0,0,0,0,0,5,0,0,0,0,0,0,0,0,0,0,0,0,0,0,0,0,0,1,1,0,0,0,0,0,0,0,0,0,0,0,0,0,0,0,0,0,0,0,0,0,0,0,0,2,0,0,0,0,0,0,0,0,0,0,0,0,0,0,0,0,1,0,0,0,0,0,4,0,0,0,0,0,0,0,0,0,0,0,0,0,0,2,0,0,0,0,2,0,0,0,0,0,0,0,0,0,0,0,0,0,0,0,1,0,0,0,0,25,0,0,0,0,0,0,0,0,0,0,0,0,0,0,4,0,0,0,0,1,0,44,0,0,0,0,0,0,0,0,0,0,0,0,0,0,0,0,0,0,0,0,0,0,0,0,0,0,0,0,77,0
HAL03.01,8270,3,0,0,24,24,3,5,0,33,14,0,0,11,0,0,0,39,0,0,1,9,0,0,40,48,0,0,0,0,1,0,0,43,9,0,0,66,1,0,180,27,0,0,1,0,2,0,4,0,0,0,4,5,0,36,0,0,0,7,0,0,0,0,0,0,1,1,0,0,0,0,0,0,0,0,7,0,0,0,2,0,0,2,0,0,1,0,0,0,0,0,0,15,0,0,0,0,19,0,0,24,3,0,0,1,0,12,0,0,0,0,0,0,0,0,0,0,0,7,0,0,0,0,2,0,0,0,74,9,0,0,0,0,0,0,0,0,12,0,0,0,0,0,0,0,0,29,0,13,0,0,0,0,0,0,20,0,3,0,0,0,0,0,0,0,0,0,0,0,0,0,0,1,0,0,0,0,0,3,0,0,0,2,0,0,0,0,4,0,0,1,0,0,4,0,0,0,0,0,0,0,0,0,0,13,0,0,0,0,0,0,0,1,0,1,0,0,0,0,35,1,0,6,0,0,0,0,21,0,0,0,0,0,0,0,0,0,0,5,2,0,4,0,0,0,0,0,0,0,0,0,8,0,4,0,0,0,0,0,3,0,0,0,0,0,10,0,0,0,1,0,0,0,0,0,0,0,0,0,0,0,0,0,2,0,0,0,0,0,0,0,0,0,0,0,0,0,0,0,0,0,0,2,0,9,0,0,0,0,0,0,0,0,0,0,2,0,0,0,0,0,0,0,4,0,0,0,0,9,0,0,0,0,0,0,0,0,0,0,0,0,0,0,3,0,0,0,0,0,0,0,0,0,0,0,0,0,0,0,0,0,0,0,0,0,1,2,0,0,0,0,0,0,0,0,0,0,0,1,4,0
HAL03.06,4880,0,0,0,56,0,0,34,0,731,7,0,0,19,0,0,0,25,0,0,0,21,6,0,54,15,0,16,0,0,0,0,0,243,102,0,0,0,0,0,191,6,0,0,66,0,0,0,1,32,0,0,8,303,0,178,0,0,0,6,0,0,0,0,0,0,39,1,0,0,0,0,4,0,0,0,0,0,0,0,44,0,0,0,0,0,0,0,0,0,0,0,0,0,61,0,0,0,13,34,0,80,177,0,0,0,0,0,0,0,0,0,0,0,0,0,0,0,0,2,0,0,0,0,1,0,0,40,69,216,0,0,0,0,0,8,0,0,47,0,0,13,0,90,0,0,0,0,0,0,0,0,0,29,0,42,34,0,0,0,0,0,0,0,0,0,0,0,3,21,0,0,0,8,0,0,0,0,0,2,0,0,0,0,0,0,0,0,0,0,0,1,0,0,0,0,0,0,4,0,0,0,0,0,0,0,0,0,0,19,0,0,0,0,0,0,0,0,0,0,0,0,0,7,0,0,0,149,0,0,0,0,0,0,0,0,0,0,0,0,0,0,0,0,0,0,0,0,0,0,0,0,0,5,1,0,0,0,0,0,68,0,0,0,0,1,66,0,0,0,0,0,0,0,0,0,0,0,0,0,12,0,22,0,0,0,0,0,0,0,0,0,0,17,0,0,0,0,0,0,0,0,0,2,0,0,0,0,0,0,0,0,0,0,0,0,0,0,0,0,0,0,0,0,79,0,0,0,0,16,0,5,0,0,0,0,0,0,0,0,0,0,16,6,0,0,0,0,0,0,0,0,0,0,0,0,0,0,0,0,0,0,0,0,0,0,0,0,0,0,0,0,0,0,0,0,0,0,0,16,0,0
RJB01,7019,0,0,0,1,0,0,0,0,5,11,0,0,0,0,0,2582,41,0,0,0,0,1,0,0,26,0,0,0,0,1,0,0,0,0,0,0,0,0,0,1,11,0,0,0,0,0,0,0,0,0,6,7,0,0,0,0,0,0,0,0,1,0,0,0,0,0,0,0,0,0,0,15,0,0,3,0,0,0,0,0,0,0,0,0,0,0,0,0,0,0,3,0,0,0,1,0,0,0,3,0,4,0,0,0,0,1,5,0,0,0,0,0,0,0,0,0,0,0,0,0,0,0,0,0,0,0,0,0,0,0,0,0,0,3,0,0,0,0,0,0,0,0,3,13,0,0,0,0,0,0,7,1,0,0,20,0,0,5,0,0,0,3,0,0,0,0,0,0,0,0,0,0,0,0,3,0,0,0,0,0,0,0,0,0,0,0,0,0,0,0,0,0,0,0,0,0,0,0,0,0,1,0,5,0,0,0,0,0,0,0,0,0,0,0,0,0,0,0,0,0,0,0,0,0,0,0,0,0,0,0,0,0,0,0,0,0,0,0,0,0,0,0,0,0,0,0,0,0,0,0,0,0,0,0,0,0,0,0,0,0,0,0,0,0,0,0,0,6,0,0,0,0,0,0,0,0,0,0,0,0,0,0,0,0,0,0,0,0,0,0,0,0,0,0,0,0,0,0,0,0,0,0,0,0,9,0,0,0,0,0,0,0,0,0,0,0,0,0,0,0,0,0,0,0,0,0,0,0,0,0,0,0,0,0,0,0,0,0,0,0,0,0,0,0,0,0,0,0,0,0,0,0,0,0,0,0,0,0,0,0,0,0,0,0,0,0,0,0,0,0,0,0,0,0,0,0,0,0,0,0,0
RJB06,1324,2,0,0,24,3,0,0,0,5,3,0,0,5,0,0,0,14,0,0,32,2,1401,0,2,4,0,17,0,16,85,0,1299,9,0,1,0,0,0,53,0,3,0,0,0,0,0,2,0,4,26,1,6,0,18,1,2,1,4,0,0,7,0,7,0,1,0,0,1,0,0,5,2,1,618,0,247,1,0,0,0,0,0,189,0,34,52,4,0,0,0,1,0,1,0,45,2,1,14,0,0,0,0,0,0,0,3,0,0,0,1,2,327,103,0,0,0,0,1,1,11,0,0,301,0,0,9,0,0,0,1,0,0,249,0,0,0,0,0,0,0,0,0,1,1,5,0,0,0,0,0,7,3,0,139,0,0,0,0,26,0,0,1,0,0,0,0,1,0,0,35,0,0,0,0,0,0,36,0,0,0,0,0,0,1,1,3,1,0,0,0,2,147,0,1,0,20,0,0,0,0,3,0,25,7,0,0,0,0,0,0,0,2,0,0,0,0,2,0,0,0,0,2,0,1,0,0,0,0,1,0,0,0,0,66,0,0,0,0,0,0,0,1,25,5,0,2,0,0,1,0,0,0,0,1,13,0,0,0,0,0,0,0,0,1,1,0,0,0,0,1,0,0,0,0,9,0,0,0,0,0,1,0,3,0,1,2,0,0,4,0,2,0,0,0,0,0,103,0,0,0,1,1,0,11,0,6,0,0,0,0,0,0,0,0,0,0,0,0,0,0,0,0,0,0,0,0,0,0,0,14,0,0,0,0,0,1,0,0,0,0,0,0,0,0,0,0,4,0,0,1,0,0,0,0,0,0,0,0,0,0,0,0,0,0,0,0,0,0,0,0,99,0,0,0,0,0,0,0,0,0,0
RJB07,9558,1,0,0,33,0,4,0,0,1,16,0,0,17,0,0,0,38,0,0,0,9,1,0,13,41,0,8,0,0,1,0,0,0,0,0,0,0,0,0,0,26,0,0,0,0,0,0,3,0,0,1,0,0,0,4,0,5,1,0,0,0,0,1,0,1,0,6,7,0,0,0,7,0,0,0,0,2,0,0,0,0,0,0,0,7,0,2,0,1,0,0,0,0,0,0,0,0,0,0,0,0,0,0,0,0,0,0,0,0,0,0,0,0,0,0,0,0,4,3,0,0,0,0,2,0,0,0,0,0,0,0,0,0,0,0,1,0,0,0,0,0,0,8,0,0,0,0,0,2,0,0,0,0,0,4,0,0,0,1,0,0,0,0,0,0,0,0,0,0,0,0,0,0,0,0,0,0,0,0,0,0,0,0,0,4,0,0,0,0,0,2,0,0,3,0,0,0,0,0,0,0,0,2,1,0,0,1,0,0,0,0,0,0,0,0,0,0,0,0,0,0,0,0,0,0,0,0,0,0,0,0,0,0,1,0,0,0,0,0,0,0,1,0,0,0,0,0,0,0,0,2,0,0,0,0,0,0,0,0,0,0,0,0,0,2,0,0,0,0,0,1,0,0,0,0,0,0,0,0,0,0,0,0,0,0,0,0,3,0,0,0,0,0,0,0,0,0,0,0,0,0,0,5,0,0,0,0,0,2,0,0,0,0,0,0,0,0,0,0,0,0,0,0,0,0,0,0,0,0,0,0,0,0,0,0,0,0,0,0,0,0,0,2,0,0,0,0,0,0,0,0,0,0,0,0,0,0,0,0,0,0,0,0,0,0,0,0,0,0,0,0,0,0,0,0,0,0,0,0,0,0
RJB19,9184,0,0,0,10,2,48,32,0,0,12,0,0,3,0,0,0,40,57,0,0,9,3,0,0,41,0,11,0,0,0,0,0,0,6,0,0,0,91,0,0,22,20,0,0,0,8,0,0,0,0,0,5,0,0,0,0,1,17,0,0,0,0,0,0,0,7,0,9,0,0,0,0,0,0,0,0,0,0,0,0,0,0,0,0,0,0,2,0,18,0,0,0,0,0,0,0,0,0,10,0,0,0,0,0,0,0,0,0,4,0,0,0,0,0,0,0,0,11,0,0,0,0,0,2,0,0,0,0,0,0,0,0,0,0,1,0,0,0,0,4,0,0,0,0,7,0,5,0,0,0,0,0,0,0,0,0,0,1,0,0,0,0,0,0,0,0,0,6,0,1,0,0,0,0,0,0,0,0,0,0,0,0,0,0,0,0,0,0,0,0,0,0,0,0,0,1,3,0,0,0,0,0,0,0,0,0,0,0,0,0,0,0,0,6,0,0,0,0,0,0,12,0,0,0,0,0,0,0,0,0,0,0,0,0,0,0,0,0,0,0,0,0,0,0,0,0,0,1,0,0,0,0,6,0,0,0,0,0,0,0,1,0,0,0,0,0,0,0,0,0,0,0,0,0,0,0,0,0,0,0,0,0,0,0,10,2,0,0,0,0,0,0,0,0,0,0,0,0,0,0,0,0,0,1,1,0,0,19,0,0,0,0,0,0,0,0,0,0,0,0,7,0,0,0,0,0,0,0,0,0,0,0,27,0,0,0,0,0,0,0,0,0,0,0,0,0,0,0,0,0,0,0,0,0,0,0,0,0,0,0,0,0,0,0,0,0,0,0,0,0,0,0,0,0,0,1,0,0,0,0,0
RJB24,8883,0,0,1,174,0,7,0,1,2,21,5,0,98,0,0,0,45,0,0,0,44,0,0,16,32,0,3,0,0,0,0,0,5,22,0,0,0,0,0,0,23,0,0,0,0,0,0,57,33,0,0,13,0,0,4,0,18,1,0,0,11,0,0,0,0,0,18,13,0,0,0,1,0,0,0,0,17,0,0,0,0,0,0,0,24,0,10,0,0,0,10,0,0,0,0,0,0,1,0,0,0,0,0,0,0,0,0,0,0,0,0,0,0,0,0,0,0,19,3,0,0,0,0,11,0,20,0,0,0,0,0,0,0,0,2,6,0,0,0,0,0,0,0,10,0,0,1,0,26,0,0,0,0,0,0,0,0,1,0,0,0,2,0,0,0,0,0,0,0,0,0,0,0,0,0,0,0,0,0,0,0,0,0,0,0,0,0,0,0,0,6,0,0,0,0,0,0,0,0,0,0,0,0,0,0,0,0,0,0,0,0,0,0,0,0,0,0,0,0,0,0,0,0,0,0,0,0,0,0,0,0,0,0,0,0,0,0,0,0,0,0,11,0,0,0,0,0,2,1,0,5,0,0,0,0,0,0,0,0,0,0,0,0,0,0,0,0,0,0,0,1,0,0,0,0,0,0,0,0,0,0,0,0,0,0,0,0,5,0,0,0,0,0,0,0,0,0,0,0,0,0,0,4,0,13,0,0,0,0,0,0,0,0,0,0,0,0,0,0,1,0,0,0,0,0,0,0,0,0,0,0,0,0,0,0,0,0,0,0,0,0,0,0,0,0,0,0,0,0,0,0,0,0,0,0,0,0,0,0,0,0,0,0,0,0,0,0,0,0,0,0,0,0,0,0,0,0,0,0,0,9
RJB26,9715,0,0,0,0,0,0,0,3,0,13,0,0,0,0,0,0,54,0,0,0,0,0,0,0,42,0,0,0,0,0,0,0,0,0,0,0,0,1,0,0,28,0,0,0,0,1,0,0,1,0,5,0,0,0,5,0,0,0,0,0,0,0,0,0,0,0,0,0,0,0,0,0,0,0,0,0,0,0,0,0,0,0,0,0,0,0,0,0,0,0,0,0,0,0,0,0,0,2,0,0,0,0,0,0,0,0,0,0,0,0,0,0,0,0,0,0,0,0,0,1,0,0,0,0,0,0,0,0,1,0,0,0,0,0,0,0,0,0,0,0,0,0,0,0,0,0,0,0,0,9,0,0,0,0,0,0,0,0,0,0,0,6,0,0,0,0,0,0,0,0,0,0,0,0,0,1,0,0,0,0,0,0,0,0,0,0,0,0,0,0,0,0,0,0,0,1,0,0,0,0,0,0,0,0,0,0,0,0,0,1,0,0,0,0,0,0,0,0,0,0,0,0,0,0,0,0,0,0,0,0,0,0,0,1,0,0,0,0,0,0,0,0,0,0,0,0,0,0,0,0,0,0,0,0,0,0,0,0,0,0,0,0,0,0,0,0,0,0,0,0,0,0,0,0,0,0,0,0,0,0,0,0,0,0,0,0,0,0,0,0,0,0,0,0,0,0,0,0,0,0,1,0,0,0,0,0,0,0,0,0,0,0,0,2,0,0,0,0,0,0,0,0,0,0,0,0,0,0,0,0,0,0,0,0,0,0,0,0,0,0,0,0,0,0,0,0,0,0,0,0,0,0,0,0,0,0,0,0,0,0,0,0,0,0,0,0,0,0,0,0,0,0,0,0,0,0,0,0,0,0,0
RJB31,9240,1,0,0,14,0,72,42,1,1,17,0,0,6,0,0,0,42,6,0,0,3,0,0,11,43,0,4,0,0,0,0,0,12,4,0,0,1,6,0,4,24,26,0,3,0,6,0,9,0,0,1,7,4,0,1,0,2,0,3,2,0,0,0,0,0,12,2,1,0,0,3,0,0,0,0,1,0,1,0,1,0,0,0,0,0,0,2,1,0,0,0,0,0,0,0,3,0,0,0,0,1,2,0,0,0,1,0,6,9,0,0,0,0,0,0,0,0,1,0,0,0,0,0,0,0,0,24,0,0,3,0,0,0,2,3,0,4,0,1,0,2,0,0,0,0,0,8,0,3,0,1,0,0,0,0,0,0,0,0,0,0,0,0,3,0,0,0,0,0,0,0,0,1,0,0,0,0,0,4,10,0,0,1,0,0,0,0,2,0,0,0,0,0,0,0,0,1,1,0,0,0,0,0,0,2,0,0,0,2,0,1,0,2,1,0,0,1,0,0,0,0,0,0,0,0,0,0,0,0,0,0,0,0,0,0,0,0,0,0,0,0,0,0,0,0,0,0,1,0,0,0,0,4,0,0,0,0,1,0,1,0,0,0,0,0,0,0,0,0,0,0,0,0,1,0,0,0,0,0,0,0,0,0,0,0,0,0,1,0,0,0,11,0,0,0,0,0,0,0,0,0,0,2,0,0,0,0,0,0,0,0,2,0,0,0,0,0,0,0,0,7,0,0,0,0,0,4,0,0,0,0,0,0,0,0,3,0,0,0,0,0,0,1,0,10,0,0,0,0,0,0,0,0,0,0,0,0,0,0,0,0,0,0,0,0,1,0,0,0,0,0,0,0,0,0,1,0,0,0,0,0
RJB33,3550,0,0,0,255,0,630,425,0,21,13,0,0,102,0,0,0,25,332,0,4,80,0,0,89,15,0,30,0,0,1,0,0,34,82,0,0,0,95,0,0,12,32,1,15,595,3,0,31,65,0,0,64,243,0,4,0,51,33,318,79,0,0,0,0,6,62,17,35,0,1,0,3,0,0,1,0,4,0,0,33,0,0,0,0,20,0,3,0,0,0,28,0,0,27,5,21,8,0,6,6,6,17,0,0,0,29,0,21,57,0,0,0,17,12,0,0,0,22,0,28,0,0,0,12,0,0,143,7,0,16,0,0,0,54,33,0,14,0,0,0,49,0,0,0,1,0,14,52,4,0,0,0,82,0,0,0,0,4,1,32,0,0,0,58,0,0,0,1,0,0,0,0,4,0,0,0,5,0,11,2,0,0,2,37,0,0,0,1,0,5,10,0,0,0,0,0,27,23,0,0,0,0,0,25,12,0,2,0,12,0,0,0,2,6,0,4,0,1,0,0,20,0,0,0,10,13,0,14,0,0,0,0,0,0,0,0,0,0,0,0,0,1,0,0,0,0,0,15,0,0,9,0,1,10,18,4,0,12,0,5,0,0,0,0,3,0,0,7,0,51,0,0,0,0,0,0,0,0,5,0,0,0,0,14,0,11,0,4,0,0,0,8,0,0,0,0,0,0,0,0,0,0,2,0,7,0,0,4,1,6,0,0,0,0,0,8,0,0,0,0,0,0,0,0,0,3,0,0,0,0,0,7,0,0,0,2,0,0,0,0,6,0,0,6,11,0,0,9,16,6,0,0,0,0,0,30,0,0,0,0,0,0,0,0,0,3,0,0,0,8,0,0,0,0,0,10,0,0,0,0,0
RJB34,122,0,0,0,358,6,583,2086,0,144,0,0,0,87,0,0,33,2,140,0,1,89,69,0,77,0,0,42,0,0,40,0,39,275,359,1,0,1,332,0,66,0,78,4,91,8,40,1,42,32,26,8,160,42,0,9,0,42,73,186,70,13,0,0,0,61,35,26,17,0,1,1,175,0,0,0,0,1,0,0,15,0,0,0,0,12,0,10,5,8,0,10,0,0,146,10,51,0,0,70,0,17,1,0,0,0,7,0,56,11,0,0,0,3,19,0,0,0,40,9,20,0,0,0,10,0,15,4,32,7,53,0,0,0,40,26,1,85,70,40,0,21,0,0,0,0,0,22,91,1,0,0,2,2,0,0,0,0,0,0,0,12,0,0,33,0,0,0,9,0,0,0,1,8,0,0,0,0,0,82,28,18,0,13,26,0,0,0,16,0,0,4,7,0,8,0,0,13,0,0,0,0,0,0,0,3,0,0,0,0,0,0,14,9,43,0,0,0,0,0,0,40,0,0,16,0,10,0,24,0,0,0,0,0,0,0,0,0,0,0,0,0,0,0,0,0,3,9,0,8,0,8,0,18,5,0,66,0,3,0,39,3,0,0,0,0,15,0,5,0,0,2,0,3,0,0,0,0,0,0,9,3,33,0,0,12,0,0,2,13,0,0,10,0,1,8,0,0,0,0,0,0,0,3,7,12,0,0,27,21,4,0,0,0,0,0,0,0,0,0,0,0,6,0,0,0,0,0,0,0,1,0,6,0,0,0,0,0,0,0,0,0,0,1,3,10,0,0,9,3,0,0,0,0,0,6,0,0,0,0,0,0,8,0,0,0,11,0,0,0,0,0,0,0,0,0,34,0,0,3,0,0
RJB41,1460,44,0,0,1743,0,1,0,0,34,3,0,0,852,0,0,0,9,35,84,0,478,0,0,116,4,0,72,0,0,1,248,0,117,0,0,1,0,0,0,0,0,0,0,0,0,0,0,125,155,0,104,0,0,1,46,0,121,0,0,0,0,0,0,0,0,0,154,156,0,0,0,0,160,0,0,0,0,14,0,43,0,0,0,0,134,0,57,0,17,0,151,0,0,0,0,40,0,0,16,179,44,0,0,0,0,0,0,0,0,0,0,0,0,0,250,0,0,84,0,0,1,0,0,84,0,0,0,0,0,0,0,0,0,0,0,0,0,0,0,0,0,0,2,206,0,0,0,0,46,0,0,0,0,0,48,0,0,1,0,0,0,0,0,0,0,0,112,83,43,0,0,0,0,0,0,0,0,0,0,43,0,0,0,0,0,0,0,0,0,0,4,0,0,0,0,0,5,0,0,0,0,0,0,0,0,0,0,0,0,0,0,3,0,0,0,91,0,0,0,0,0,0,0,0,0,0,0,0,8,0,0,0,0,0,0,0,0,0,0,0,0,0,0,0,0,0,0,0,0,0,0,0,0,6,0,0,0,20,0,0,0,0,0,16,0,0,0,0,0,0,49,0,0,0,0,0,0,0,0,0,0,53,0,0,0,0,136,25,0,0,0,0,0,0,0,0,0,0,0,130,0,0,28,0,1,0,0,0,0,0,14,0,0,0,0,0,0,119,0,4,0,0,0,36,0,0,0,0,0,0,112,0,0,0,0,0,0,0,0,0,0,0,0,0,0,0,0,0,0,0,0,0,0,0,0,0,0,59,0,0,0,0,0,0,0,0,0,0,0,0,0,0,0,0,0,0,0,0,0,0,0
RJB45,8764,1,0,1,279,2,7,0,0,0,11,1,0,118,0,0,0,79,10,0,0,40,0,0,81,45,0,7,0,0,2,11,0,0,0,0,0,0,0,1,0,28,0,0,0,0,0,0,19,25,0,1,0,0,0,1,0,18,0,0,0,2,0,0,0,0,0,7,13,0,0,0,4,1,0,1,4,1,0,0,0,0,0,0,0,5,0,6,0,0,0,18,0,0,0,0,1,0,0,0,1,0,1,0,0,0,0,0,0,0,0,0,0,0,0,0,0,0,15,0,0,0,0,0,15,0,0,0,0,0,0,0,0,0,0,0,6,0,0,0,0,0,0,0,0,0,0,0,0,13,0,1,1,0,0,0,0,0,3,0,0,3,0,0,0,0,0,0,0,0,0,0,0,0,0,0,0,0,0,0,0,0,0,0,0,0,0,0,0,0,0,0,0,0,0,0,0,0,0,0,0,0,0,4,0,0,0,0,0,0,0,0,0,0,0,0,0,0,0,1,0,0,0,0,0,0,0,0,0,0,0,0,0,0,1,0,0,0,0,0,0,0,11,0,0,0,0,0,0,1,1,6,0,0,3,0,0,0,0,0,0,0,0,0,0,2,0,0,0,0,2,1,0,0,0,0,0,0,0,0,0,0,0,0,0,6,0,0,10,0,0,0,0,0,0,0,0,0,0,0,0,0,5,2,0,2,0,0,0,0,0,24,0,0,1,0,0,0,0,0,1,0,0,0,0,0,0,0,0,0,0,0,0,0,0,0,6,0,0,0,0,9,0,0,0,0,0,0,0,3,0,3,0,0,0,0,0,0,0,0,0,0,0,0,0,0,0,0,0,0,0,0,0,0,0,0,0,0,0,8,0,0
DR13GF,9079,5,0,0,0,0,0,0,0,3,18,0,0,1,0,0,0,44,6,0,0,1,1,0,0,47,0,0,0,0,0,0,0,0,0,3,0,1,0,0,12,23,85,0,4,0,0,0,0,0,0,0,0,0,0,0,0,0,0,0,0,0,0,0,0,0,0,1,0,0,0,0,0,0,0,0,0,12,83,0,3,0,0,0,0,0,0,0,0,5,0,2,0,0,2,0,0,0,0,5,0,14,0,0,0,1,0,0,0,0,0,0,0,4,0,0,0,0,0,0,0,0,0,0,0,0,0,7,0,0,7,0,0,0,0,0,0,0,0,0,0,0,0,0,0,0,0,0,6,0,0,0,0,0,0,0,5,0,0,0,0,0,0,0,0,0,0,0,0,0,0,0,0,0,0,0,0,0,0,0,0,0,0,0,0,0,0,0,15,0,0,0,0,0,0,0,0,0,0,0,0,0,0,0,0,5,0,0,0,0,0,0,0,0,0,0,0,0,0,0,3,0,0,0,0,0,0,0,0,0,0,0,0,0,0,0,0,0,0,3,0,0,0,0,0,0,0,0,0,0,0,0,0,0,0,0,0,0,0,0,0,0,0,0,0,0,0,0,0,0,0,0,0,0,0,0,0,0,0,0,0,0,0,0,0,0,0,0,0,0,0,0,0,0,0,0,0,0,0,0,0,0,0,0,0,14,0,0,18,12,0,0,0,0,7,0,0,0,0,0,0,0,0,0,0,0,0,0,0,0,0,0,0,0,0,0,0,0,0,0,0,0,6,0,0,3,0,0,0,0,0,0,0,0,0,0,0,0,0,0,0,0,0,0,0,0,0,0,0,0,0,0,0,0,0,0,0,0,0,0,0,0
DR23GM,11,1,0,0,0,4,0,0,0,0,0,0,0,6,0,0,0,0,0,0,877,0,22,1,6,1,208,3,0,446,478,0,28,0,0,0,0,0,0,470,0,0,13,202,0,0,0,174,0,10,200,15,0,0,322,0,0,0,2,0,0,7,0,0,0,0,0,0,0,41,0,0,0,0,0,1,170,0,35,0,0,0,81,84,0,2,106,0,0,14,0,0,0,0,0,4,6,90,0,0,0,0,0,0,0,0,0,0,0,0,0,0,26,23,0,0,12,0,0,0,47,0,0,40,0,0,113,0,0,0,0,0,1,6,0,0,0,0,0,0,0,0,0,0,0,0,31,0,0,0,0,98,1,0,13,0,4,0,0,85,0,0,0,0,0,0,0,0,0,0,65,27,0,0,0,0,91,30,91,0,0,58,0,0,0,0,0,96,11,0,0,0,0,0,0,0,36,0,0,0,0,0,2,0,77,0,0,74,0,0,61,0,18,0,0,0,9,0,0,0,0,0,32,0,31,67,0,0,0,0,0,0,0,95,33,0,0,0,0,0,0,3,0,42,0,5,116,0,0,1,37,0,0,0,1,0,0,0,0,0,0,0,0,0,0,0,0,0,0,0,0,0,0,0,0,58,0,80,0,26,0,0,0,9,0,0,0,0,0,46,0,0,0,0,0,0,0,24,0,0,0,25,0,0,0,3,0,22,3,0,0,0,0,66,0,0,0,0,0,0,0,0,0,0,0,0,0,0,0,0,0,0,0,0,0,0,0,0,0,0,0,0,4,0,0,0,81,5,0,0,0,0,0,0,0,28,0,0,0,0,0,0,0,0,0,0,0,0,0,0,0,0,0,0,0,0,0,0,0,0,7,0
DR28GM,2272,4694,0,32,9,9,1,0,0,51,11,0,62,0,0,775,0,11,0,0,0,0,0,0,0,11,0,0,0,0,0,0,0,0,1,0,0,0,0,0,41,4,0,0,26,0,0,0,0,0,1,61,0,0,0,6,0,0,0,18,0,0,0,0,0,0,0,0,0,0,0,165,0,0,0,0,0,0,139,0,0,0,0,0,0,0,0,0,0,36,0,28,0,0,39,0,0,0,54,0,0,0,0,0,0,0,0,0,0,0,11,11,0,0,0,0,0,0,0,97,0,0,0,0,0,0,0,0,0,0,0,0,3,0,0,0,0,0,0,0,0,0,0,0,0,0,0,0,0,0,0,0,0,0,0,0,26,0,3,0,0,0,0,0,0,0,4,0,0,0,0,0,0,14,0,0,0,0,0,0,0,0,0,0,0,0,62,0,0,8,0,0,0,0,0,0,0,0,0,0,49,0,0,0,0,0,0,0,0,0,0,0,0,0,0,0,0,0,0,0,0,0,0,40,0,0,0,0,0,0,0,0,0,0,2,0,0,0,0,0,2,0,2,0,0,0,0,0,0,0,0,0,0,0,0,0,0,0,0,0,0,0,0,0,0,0,0,0,0,0,0,0,0,0,0,0,0,0,0,0,0,0,0,0,0,0,0,0,0,0,0,0,0,0,0,0,0,0,0,0,0,0,0,0,0,0,0,0,0,0,0,0,0,0,0,0,0,0,0,0,0,0,0,0,0,0,0,0,0,0,29,0,0,0,0,0,0,0,0,0,0,0,0,0,19,0,0,0,87,0,0,0,0,0,0,0,0,0,0,0,0,0,0,0,0,0,0,0,0,0,0,0,0,0,66,0,0,0,0,0,0,0
DR4HF,9455,1,0,0,0,3,0,0,0,13,24,0,0,0,0,0,1,72,0,0,0,0,0,0,0,48,0,1,0,0,0,0,0,0,0,0,0,0,0,0,0,19,0,0,0,0,0,0,0,0,0,1,0,0,0,0,0,0,4,0,0,3,0,0,0,0,0,0,0,0,0,0,4,0,0,0,4,0,15,0,0,0,0,0,0,0,0,0,0,4,0,0,0,0,0,0,0,0,0,1,0,8,0,0,0,0,0,0,0,0,0,0,0,0,0,0,0,0,0,0,0,0,0,0,0,0,0,0,0,0,0,0,0,1,0,0,0,0,0,0,0,0,0,0,0,0,0,0,0,0,0,0,0,0,0,0,0,0,0,0,0,0,0,0,0,0,0,0,0,0,0,0,0,0,0,0,0,0,0,0,0,0,0,0,0,0,0,0,0,0,0,0,0,0,6,0,0,0,0,0,1,0,0,0,0,0,0,0,0,0,0,0,0,0,0,0,0,0,0,0,0,0,0,0,0,0,0,0,0,0,0,0,0,0,0,0,0,0,0,2,0,0,0,0,0,0,0,0,0,0,0,0,0,0,0,0,11,0,0,0,0,0,0,0,0,0,0,0,0,0,0,0,0,0,0,0,0,0,0,0,0,0,0,0,0,0,0,0,0,0,0,0,0,0,0,6,0,0,0,0,0,0,0,0,0,0,0,0,0,1,0,0,0,0,8,0,0,0,0,0,0,0,0,0,0,0,0,0,0,0,0,0,0,0,0,0,0,0,0,0,0,0,9,2,0,0,0,0,0,0,0,0,0,0,0,0,0,0,0,0,0,0,0,0,0,0,0,0,0,0,0,0,0,0,0,0,0,0,0,0,0,0
DR6HF,9430,0,0,0,0,4,2,0,1,0,21,0,0,0,0,0,0,62,0,0,0,0,1,0,0,45,0,7,0,0,0,0,0,0,0,0,8,0,2,0,0,28,0,0,0,0,0,0,0,0,0,3,0,0,0,0,0,0,0,0,0,10,0,0,0,0,0,0,0,0,0,2,0,0,0,0,1,0,49,0,0,0,0,1,0,0,0,0,0,0,0,1,0,0,0,1,4,0,0,0,0,0,0,0,0,0,0,0,0,0,0,0,0,0,0,0,0,0,0,0,0,0,0,0,0,0,0,0,0,0,0,0,0,0,0,0,0,0,0,18,0,0,0,0,0,0,0,0,0,0,0,0,0,2,0,0,0,0,1,1,0,0,0,0,0,0,0,0,0,0,0,0,0,0,0,0,0,0,0,0,0,0,0,0,0,0,0,0,0,0,0,0,0,0,0,0,0,0,0,0,0,0,0,0,0,0,0,0,0,0,0,0,0,0,5,0,0,0,0,0,0,1,0,0,0,0,0,0,0,0,0,0,0,0,0,0,0,0,0,0,0,1,0,0,0,0,0,0,0,6,0,0,0,0,0,0,0,0,0,0,0,0,0,0,0,0,0,0,0,0,0,0,0,0,0,0,0,0,0,0,0,2,0,0,0,4,0,0,0,0,0,2,0,0,0,3,0,0,0,0,0,0,0,0,0,1,1,0,0,0,0,0,0,0,0,0,0,0,0,0,0,0,0,0,0,0,2,0,0,0,0,0,0,0,0,0,0,0,0,0,0,0,0,1,0,0,0,0,0,0,5,0,0,0,0,0,0,0,0,0,0,0,0,0,0,0,0,0,0,0,0,0,0,0,2,0,0,0,0,0,0,0
2FT69,467,3001,0,1468,49,908,0,19,27,532,0,0,230,0,0,1,0,13,0,0,0,16,1,21,66,3,0,0,0,0,0,172,0,0,0,0,1183,0,0,0,0,0,0,0,0,1,0,0,0,0,1,0,0,0,0,0,48,0,0,0,0,0,0,0,96,7,0,0,0,1,72,0,0,0,0,0,0,0,0,0,0,0,0,0,0,0,0,0,0,21,0,0,420,0,0,0,0,0,0,0,14,0,0,0,0,0,0,0,0,0,11,13,0,0,0,0,0,0,0,0,0,0,0,0,0,0,0,0,24,0,0,0,56,0,0,0,0,0,0,0,0,0,0,0,0,0,0,0,0,0,0,0,1,7,0,0,0,0,1,0,0,0,2,39,0,0,7,0,0,0,0,0,0,0,0,0,0,0,0,0,0,0,0,0,0,0,0,0,0,4,0,0,0,0,0,0,0,0,0,40,3,0,30,0,0,0,0,0,0,0,0,0,0,0,0,0,0,0,0,0,0,0,0,0,0,0,0,0,0,0,0,0,0,5,0,0,0,27,0,0,0,0,0,0,0,30,0,0,0,0,0,0,0,0,7,0,0,0,0,0,0,0,0,0,0,0,0,0,0,0,0,0,0,0,0,0,0,0,0,0,0,0,0,0,0,0,0,0,0,0,0,0,0,0,0,0,0,0,0,0,0,0,0,0,3,0,0,0,0,0,0,0,0,0,0,63,31,0,0,0,10,0,0,0,0,0,0,0,0,0,0,0,0,0,0,0,0,0,0,0,0,0,0,0,0,0,0,0,0,0,0,0,0,0,0,0,0,0,0,43,0,0,0,0,0,0,0,15,0,0,0,0,0,0,0,0,0,0,0,0,1,0
2FT80,4,0,0,1410,168,1187,0,0,0,266,0,0,473,1,0,0,1,0,0,0,0,35,26,76,0,0,0,0,0,0,1,149,0,0,1,0,126,0,0,49,32,0,0,0,21,0,0,0,0,0,0,29,9,0,0,0,102,0,0,0,0,0,0,0,94,60,0,0,0,0,145,0,0,0,0,8,0,0,0,139,0,0,0,29,0,15,0,40,0,2,500,29,25,0,104,0,0,0,0,0,0,35,0,0,366,0,0,0,0,0,0,0,0,0,0,0,0,0,0,0,0,0,0,0,0,0,0,0,0,0,0,52,53,0,0,0,0,0,48,0,0,0,0,0,0,7,0,0,0,0,0,0,5,0,0,0,4,0,0,0,0,0,0,51,0,264,0,0,0,0,0,0,1,0,249,0,0,0,0,0,0,0,0,0,0,0,0,0,0,0,0,0,2,0,0,0,0,0,0,0,0,0,37,0,0,0,52,0,0,0,0,0,0,0,0,175,0,0,0,0,0,0,0,0,1,0,0,0,0,0,168,167,0,11,0,0,0,0,0,0,0,0,0,0,0,34,0,0,0,0,0,0,0,0,0,0,0,0,0,0,0,70,0,0,0,52,0,0,0,0,0,2,0,0,0,0,0,0,45,0,0,0,0,0,0,0,0,0,0,0,0,0,0,0,0,0,0,0,0,132,1,54,0,0,3,0,0,0,0,0,0,0,0,0,0,38,24,0,0,0,9,0,0,0,0,0,0,0,0,0,0,0,0,0,0,0,0,0,58,0,0,0,3,0,0,0,0,0,0,0,0,0,45,0,7,0,0,36,0,0,53,0,0,79,0,0,0,32,0,0,0,0,0,0,0,0,0,5,0,0,0,0
Ixs05,482,9058,0,7,0,0,0,13,0,25,0,0,0,0,0,0,0,4,0,0,0,0,0,0,0,4,0,12,0,0,0,0,0,0,0,3,0,0,0,0,0,1,0,0,0,0,0,0,0,0,0,14,0,0,0,0,8,0,0,0,0,0,0,0,0,0,0,0,0,0,0,0,1,10,0,0,0,4,0,0,1,0,0,0,0,0,0,0,0,0,0,0,0,0,0,0,4,0,0,0,0,0,0,0,0,0,0,0,0,0,28,24,0,0,0,0,0,0,0,0,0,0,0,0,0,0,0,0,0,0,0,0,0,0,0,0,0,0,0,0,0,0,0,0,0,0,0,0,0,0,0,0,1,0,0,0,0,0,4,0,0,0,15,0,0,0,11,0,0,0,0,0,0,0,0,0,0,0,0,0,0,0,0,0,0,0,0,0,0,10,0,1,0,0,0,0,0,0,0,0,0,0,0,0,0,0,0,0,0,0,0,0,0,0,0,0,0,0,0,0,0,0,0,0,1,0,0,0,0,0,0,0,0,0,0,0,0,0,0,0,0,0,0,0,0,0,0,0,0,0,0,0,0,0,0,0,0,0,0,0,0,0,0,0,0,0,0,0,0,44,0,0,0,0,0,0,0,0,0,0,0,0,0,0,0,0,0,0,0,0,0,0,0,0,0,0,0,0,0,0,0,0,0,0,2,0,0,0,0,0,0,0,0,0,0,0,0,0,0,0,0,0,0,0,0,0,0,0,0,0,0,0,0,0,0,0,0,0,0,0,0,0,0,0,0,0,0,0,0,0,0,0,0,0,2,0,0,0,0,0,0,0,0,0,0,0,0,0,0,0,0,0,0,0,0,0,0,0,5,0,0,10
Ixs102,5,9714,0,0,1,0,0,0,0,16,0,0,0,1,0,1,0,0,0,0,0,1,2,0,2,0,0,3,0,0,0,0,0,0,0,0,0,0,0,0,0,1,1,0,3,0,0,0,0,0,0,0,5,0,0,1,1,0,0,0,0,0,0,0,0,1,0,0,1,0,0,0,1,1,0,0,0,3,0,0,0,0,0,0,0,1,0,0,0,0,0,0,0,0,0,0,1,0,1,0,2,1,0,0,0,0,2,0,0,0,27,17,0,1,0,0,0,0,0,0,0,0,0,0,0,0,0,0,0,2,3,0,0,0,0,0,0,0,0,0,1,0,0,0,0,0,0,0,0,0,0,1,1,0,0,0,0,0,0,1,0,0,0,0,0,0,17,0,0,0,0,0,0,0,0,0,0,0,0,0,0,0,0,0,0,0,0,0,0,34,0,0,0,0,0,0,0,0,0,0,0,0,0,0,0,0,0,0,0,0,0,0,0,0,0,0,0,0,0,0,0,0,0,0,0,0,0,0,0,0,0,0,0,0,0,0,0,0,0,0,0,0,0,0,0,0,0,0,0,0,0,0,0,0,0,0,0,0,0,0,0,0,0,0,3,0,0,0,0,0,1,0,0,0,0,0,0,0,0,0,0,0,0,0,0,0,0,0,0,0,0,0,0,0,0,1,0,0,0,0,0,1,0,0,0,0,0,0,0,0,0,0,0,0,0,0,0,0,0,0,0,0,0,0,0,0,0,0,0,0,0,0,0,0,0,0,0,0,0,0,0,0,0,0,0,0,0,0,0,0,0,0,0,0,0,0,0,0,0,0,0,0,0,0,0,0,0,0,0,0,0,0,0,0,0,0,0,0,0,0,0,0
006CT,166,0,0,194,13,58,0,2,0,49,0,0,17,9,0,0,0,0,0,0,0,0,11,27,0,0,0,0,28,1,0,0,0,0,0,8,0,36,78,83,0,0,0,0,0,0,0,0,0,0,1,59,0,0,54,0,0,0,0,0,0,211,0,0,6,96,0,1,0,0,7,156,0,0,0,0,6,66,0,226,0,17,0,2,42,0,0,0,0,0,0,0,0,0,0,214,0,0,0,0,0,0,0,226,25,0,0,0,0,0,0,0,0,37,0,0,0,47,0,0,0,38,0,0,1,35,24,0,0,0,0,132,0,0,0,0,0,0,0,0,0,0,1,0,0,99,0,0,7,0,0,0,0,91,51,0,0,67,0,1,0,0,0,0,0,0,0,0,0,0,19,0,32,0,0,0,0,0,106,0,0,0,0,0,0,75,8,0,0,0,0,0,3,0,0,0,0,0,0,0,0,0,1,0,0,0,63,0,0,0,0,0,0,0,0,0,0,18,0,59,0,3,0,0,0,0,0,0,0,0,0,0,0,0,23,0,0,88,19,3,0,63,0,0,79,1,0,0,0,43,0,0,4,0,0,23,0,20,26,26,0,0,87,24,59,0,0,87,0,0,0,0,0,0,0,0,0,0,1,0,0,31,0,0,0,1,0,0,0,0,0,38,0,56,0,0,0,0,130,0,0,0,0,0,0,0,10,0,0,0,0,0,0,0,0,0,0,82,0,0,6,0,0,21,0,20,34,47,42,0,43,0,0,64,0,60,0,0,0,0,0,0,4,0,0,0,0,0,0,0,0,0,23,0,0,17,0,54,0,0,0,0,0,0,0,0,0,0,0,0,0,0,0,0,0,0,0,0,30,0,0,0
001CT,5856,1,0,205,295,156,0,0,0,90,12,0,46,48,0,1,0,32,21,0,0,15,35,111,0,29,0,14,0,1,1,0,0,0,1,10,0,4,0,64,0,15,0,0,0,0,0,0,0,0,0,5,0,0,0,0,0,0,28,0,0,0,0,0,8,0,0,8,0,0,7,0,0,3,0,0,0,0,0,31,0,0,0,54,36,0,0,54,0,0,0,0,0,0,0,59,3,0,0,0,0,0,0,79,0,0,0,0,0,0,0,0,0,0,0,0,0,35,0,0,0,0,3,0,7,0,0,0,0,0,0,16,2,0,0,0,0,0,0,0,0,0,0,0,0,0,0,0,0,0,223,0,13,0,0,0,0,0,2,0,0,0,0,1,0,0,0,0,0,0,0,0,0,0,0,0,0,0,0,0,0,1,0,0,6,0,0,1,0,0,0,0,2,0,0,0,0,6,0,0,0,0,3,0,0,0,0,0,0,0,0,0,0,0,0,0,45,65,0,1,0,0,0,0,0,0,0,0,0,0,0,0,0,2,0,0,0,0,127,6,0,0,0,0,0,0,0,0,0,0,0,0,1,0,0,0,0,0,0,0,0,0,0,0,0,0,0,57,0,0,0,0,0,0,0,0,0,0,0,0,0,0,0,0,0,0,0,0,5,0,0,0,0,0,0,0,116,0,0,0,0,0,0,2,0,0,0,0,0,0,0,0,0,0,0,0,0,0,0,0,3,0,0,0,0,0,0,0,0,0,0,0,0,0,0,0,0,0,0,0,0,0,0,0,0,0,0,0,0,23,0,0,0,0,0,0,0,0,0,0,0,0,0,0,0,0,0,0,0,0,0,0,0,0,0,0,0,96,0,0,0,0
061NY,6388,8,0,243,0,84,232,0,2,58,15,0,36,6,0,0,0,35,0,0,0,0,0,51,0,33,0,6,0,0,1,13,0,0,2,41,0,17,5,11,2,18,7,0,0,8,0,0,0,0,1,0,5,0,0,0,10,0,5,7,12,21,0,0,20,0,0,1,0,0,1,0,0,0,0,0,5,54,0,0,0,0,0,0,166,0,0,0,0,5,0,0,0,0,0,24,0,0,0,7,0,0,0,0,0,6,0,0,0,0,0,0,0,0,0,0,0,39,0,0,0,0,6,0,0,0,0,7,0,0,3,7,0,1,2,1,51,0,7,0,0,6,0,0,5,36,0,0,0,0,47,0,1,6,0,0,0,0,0,0,0,0,0,6,0,0,0,0,0,0,0,0,12,0,0,0,1,0,0,0,0,0,0,0,0,0,16,0,0,0,0,8,0,0,0,0,0,0,0,0,0,0,2,0,0,0,0,1,0,0,0,0,0,0,3,0,0,0,1,34,0,1,0,0,1,0,0,0,0,0,0,0,0,0,0,0,0,0,17,0,0,7,0,0,28,0,0,0,0,7,0,0,1,0,0,5,0,0,11,0,0,0,12,8,5,0,0,0,0,0,0,0,6,0,0,0,0,0,14,0,0,8,0,0,0,0,0,0,0,0,0,0,0,22,0,0,17,0,0,0,0,6,0,0,1,0,0,0,1,0,0,0,0,0,0,0,27,4,0,0,1,0,0,7,0,0,0,0,28,0,0,0,0,0,0,0,0,0,0,0,0,0,6,0,0,0,0,0,0,2,0,0,0,0,0,0,0,4,2,0,0,0,0,0,0,0,0,0,33,0,0,0,0,0,0,0,0,0,0,0,0,0
004CT,6868,0,0,1053,54,533,0,0,0,293,12,1,226,1,0,0,0,19,0,0,0,0,13,0,0,24,0,0,0,0,0,47,0,0,0,0,0,0,0,0,30,12,0,0,0,0,0,0,0,0,1,0,0,0,0,30,10,0,0,7,0,37,0,0,43,0,0,0,0,0,42,0,0,0,0,0,0,0,0,0,8,0,0,0,0,0,0,0,0,40,0,0,33,0,15,0,0,0,0,0,0,0,4,0,0,0,0,0,0,0,0,0,0,0,0,0,0,0,0,0,0,0,0,0,0,0,0,0,0,0,0,0,3,0,0,16,0,0,0,0,0,0,0,0,0,0,0,0,0,0,0,1,18,0,47,0,0,0,0,1,0,79,0,14,0,0,0,0,0,0,0,0,0,0,0,0,0,0,0,0,0,0,0,0,0,0,0,0,0,0,0,0,0,0,0,0,0,0,0,0,0,0,9,0,0,0,0,0,0,0,0,0,0,0,0,0,0,0,0,0,0,0,0,0,0,0,0,0,0,5,0,0,0,1,1,0,0,0,0,0,0,0,1,0,0,2,0,0,1,0,0,0,0,0,0,0,0,0,22,0,0,0,0,0,0,0,0,0,0,0,0,0,0,0,0,1,0,0,0,0,0,0,0,0,0,0,0,0,0,0,0,46,0,0,0,0,0,0,0,0,0,0,0,0,0,0,0,0,0,0,0,0,0,0,0,0,5,0,0,0,8,0,0,0,0,0,0,0,0,0,0,0,0,0,0,0,0,0,0,0,0,0,0,0,0,0,0,0,0,0,0,0,0,0,0,0,0,0,0,0,0,0,0,0,0,0,0,0,0,0,0,0,0,0,0,0,0,0,0,0,0,0
Ixs108,1771,6712,0,1,0,1,0,4,0,9,4,1,0,0,0,0,0,17,0,0,0,0,4,0,0,5,0,1,0,0,0,0,0,3,1,0,2,0,8,0,4,4,0,0,2,0,0,0,0,0,0,1,1,0,0,3,6,0,0,1,0,93,0,0,0,5,0,0,0,0,0,148,0,0,0,0,6,5,0,0,1,0,0,0,0,0,0,0,0,0,0,0,0,0,0,76,0,0,0,0,0,0,0,0,5,0,0,0,0,0,11,20,0,24,0,0,0,0,0,0,0,0,0,0,0,0,0,0,0,0,0,0,0,0,0,0,0,0,0,0,0,0,0,0,0,12,0,0,0,0,0,0,2,1,22,0,0,0,22,1,0,0,0,0,0,0,8,0,0,0,0,0,0,1,0,0,0,0,0,0,0,0,0,0,0,66,0,0,0,12,0,0,0,0,0,0,1,0,0,0,0,0,0,0,0,0,0,0,0,0,0,0,0,0,0,0,0,5,0,0,0,0,0,0,0,0,0,0,0,0,0,0,0,0,0,0,0,22,0,0,3,2,0,0,33,0,4,0,2,21,0,0,0,0,0,6,0,0,0,0,0,0,0,0,38,0,0,0,0,0,0,0,0,0,0,0,0,0,0,0,0,48,0,0,0,0,0,0,0,0,0,6,0,0,0,0,0,0,0,0,0,0,0,0,0,0,7,0,2,0,0,0,0,0,0,0,0,0,0,0,0,0,0,2,0,0,12,7,0,0,10,0,0,0,0,0,0,0,0,0,0,0,0,0,0,0,0,0,0,0,2,0,0,0,0,0,0,0,0,0,0,0,0,0,0,0,0,0,0,0,0,0,0,0,0,0,0,0,0,0,0,0
Ixs107,1391,8073,0,16,26,5,3,13,0,14,1,0,3,0,0,0,0,9,0,0,0,0,4,4,1,14,0,0,8,0,0,2,0,15,14,8,0,1,0,0,14,8,1,0,2,0,1,1,0,0,0,0,0,5,0,0,0,0,5,0,0,1,0,0,0,2,0,0,0,0,0,0,7,0,0,0,0,9,0,1,0,0,0,0,0,0,2,0,0,0,0,0,0,0,0,0,3,0,0,9,0,0,0,0,0,0,0,0,2,1,20,19,0,0,0,0,0,0,0,0,0,0,0,0,0,0,0,0,0,0,0,0,0,0,0,0,2,0,2,2,0,0,0,0,4,1,0,0,1,0,0,0,0,0,0,0,0,0,27,0,0,0,0,1,0,0,11,0,2,0,0,0,0,0,0,0,0,0,0,2,1,0,0,0,0,0,0,0,1,14,0,0,0,0,0,0,0,0,0,0,0,0,0,0,0,0,0,0,0,0,0,0,0,0,0,0,0,0,0,0,0,0,0,0,1,0,0,0,0,0,0,0,0,0,0,0,0,0,0,0,9,0,0,0,0,0,0,0,2,0,0,0,0,0,0,0,0,0,0,0,0,0,0,0,0,0,0,0,2,0,0,0,0,0,0,0,0,0,0,0,0,0,0,0,0,0,0,0,0,0,0,0,0,0,0,0,0,0,0,0,0,0,0,0,0,0,0,0,0,0,0,0,4,0,0,0,0,0,0,0,0,0,0,0,0,0,0,0,0,0,0,0,0,0,0,0,0,0,0,0,0,0,1,0,0,0,0,0,0,0,0,0,0,0,1,0,0,0,0,0,0,0,0,0,0,0,0,0,0,0,0,0,0,0,0,0,0,0,0,0,0,0
088NY,9022,2,0,208,8,103,0,7,0,59,25,0,83,4,0,0,0,68,0,0,0,0,1,0,12,24,0,5,0,0,1,27,0,0,10,0,8,0,8,0,0,62,0,0,0,14,0,0,0,0,0,12,0,4,0,0,5,0,0,0,0,0,0,0,18,2,0,2,0,0,12,0,0,0,0,0,0,0,0,0,0,0,0,0,0,0,0,0,0,0,0,5,0,0,0,0,0,0,0,1,0,0,6,0,0,0,0,0,5,2,0,0,0,0,0,0,0,0,0,0,0,0,0,0,0,0,1,0,0,0,0,0,12,0,0,2,0,0,0,0,2,0,0,0,0,0,0,0,2,0,0,0,2,0,0,0,0,0,0,0,0,0,0,8,0,0,0,0,4,0,0,0,0,0,0,0,0,0,0,0,0,0,0,0,0,0,0,0,0,0,0,0,0,0,0,0,0,0,0,0,0,0,3,0,0,0,0,0,0,0,0,0,0,0,0,0,0,0,0,0,0,0,0,0,0,0,0,0,0,0,0,0,0,0,0,0,0,0,0,0,0,0,0,0,0,1,0,0,0,0,0,0,0,0,0,0,0,0,0,0,0,0,0,0,0,0,0,0,0,0,0,0,0,0,0,1,0,0,0,0,0,0,0,0,0,0,0,0,1,0,0,0,0,0,0,0,0,0,0,0,0,0,0,0,0,0,0,0,0,0,0,0,0,0,0,8,0,0,0,0,2,0,0,0,0,0,0,0,0,0,0,0,2,0,0,0,0,0,0,0,0,0,5,0,0,0,0,0,0,0,0,0,0,0,0,0,0,0,0,0,0,0,0,0,0,0,0,0,2,0,0,0,0,0,0,0,0,0,0,0,0,0
